,,,2.0,3.0,4.0,5.0,6.0,7.0,8.0,9.0,10.0,11.0
Time,Country Name,Lookup,GDP (current US$) [NY.GDP.MKTP.CD],"Population, total [SP.POP.TOTL]","Revenue, excluding grants (% of GDP) [GC.REV.XGRT.GD.ZS]",Net official development assistance and official aid received (current US$) [DT.ODA.ALLD.CD],Net official development assistance received (current US$) [DT.ODA.ODAT.CD],"Public spending on education, total (% of GDP) [SE.XPD.TOTL.GD.ZS]","Health expenditure, public (% of GDP) [SH.XPD.PUBL.ZS]",Poverty headcount ratio at national poverty lines (% of population) [SI.POV.NAHC],"Life expectancy at birth, total (years) [SP.DYN.LE00.IN]","Mortality rate, infant (per 1,000 live births) [SP.DYN.IMRT.IN]"
1999.0,Afghanistan,1999_Afghanistan,..,19987071.0,..,142860000.0,142860000.0,..,..,..,54.432878048780495,96.2
1999.0,Albania,1999_Albania,3434402453.294714,3108778.0,..,488150000.0,488150000.0,3.36038,2.52461238300769,..,73.79339024390245,24.3
1999.0,Azerbaijan,1999_Azerbaijan,4581222442.457831,7982750.0,17.572989181686218,169420000.0,169420000.0,4.21217,0.985430463576159,..,66.35548780487805,64.5
1999.0,Burkina Faso,1999_Burkina Faso,3014665572.208353,11281942.0,..,398600000.0,398600000.0,..,2.16817257813642,..,50.15456097560976,97.3
1999.0,Cameroon,1999_Cameroon,10486451906.6665,15513653.0,14.05793522299861,434290000.0,434290000.0,..,0.833734481733249,..,52.17385365853659,94.2
1999.0,Chad,1999_Chad,1534673503.5517304,8002899.0,..,187850000.0,187850000.0,3.22786,1.98983553815219,..,46.61773170731708,107.0
1999.0,Central African Republic,1999_Central African Republic,999477458.7304735,3569523.0,..,118090000.0,118090000.0,1.69002,1.827722049277,..,43.6708780487805,113.6
1999.0,Democratic Republic of Congo,1999_Democratic Republic of Congo,4711259427.272727,45889100.0,5.009276259206482,133970000.0,133970000.0,..,0.247696718321195,..,46.11324390243903,114.7
1999.0,Republic of the Congo,1999_Republic of the Congo,2353909441.700591,3044444.0,..,140350000.0,140350000.0,..,1.75276488457117,..,52.27121951219513,76.3
1999.0,Côte d'Ivoire,1999_Côte d'Ivoire,12556457526.935257,15802248.0,..,447360000.0,447360000.0,4.0357,1.77389475446152,..,46.83556097560976,101.0
1999.0,Equatorial Guinea,1999_Equatorial Guinea,621117853.413296,502169.0,..,20140000.0,20140000.0,..,1.36917989250512,..,47.73753658536586,101.3
1999.0,Gabon,1999_Gabon,4662991794.053955,1195919.0,..,47610000.0,47610000.0,3.08123,1.20918875967363,..,59.96812195121952,56.0
1999.0,Ghana,1999_Ghana,7718110780.948147,18384302.0,..,607780000.0,607780000.0,4.11037,2.59121193354649,..,56.953707317073174,67.0
1999.0,Guinea,1999_Guinea,3461282189.696433,8600911.0,11.971626516321862,237640000.0,237640000.0,2.36142,1.03407899518009,..,51.33563414634148,106.9
1999.0,Guatemala,1999_Guatemala,18317089473.090385,10941913.0,10.323847152464129,293140000.0,293140000.0,..,2.4579602898934,..,67.21519512195124,41.5
1999.0,Indonesia,1999_Indonesia,140001352527.2219,205946831.0,16.70998616602095,2122659999.9999998,2122659999.9999998,..,0.78934694634797,23.4,66.91024390243903,42.8
1999.0,Iraq,1999_Iraq,..,23091408.0,..,76790000.0,76790000.0,..,0.0660884665497123,..,70.93470731707319,36.3
1999.0,Kazakhstan,1999_Kazakhstan,16870817134.77667,14928426.0,8.565224051718848,174980000.0,174980000.0,3.89257,2.29610762644957,..,65.51951219512196,39.4
1999.0,Kyrgyz Republic,1999_Kyrgyz Republic,1249062025.1380541,4840400.0,15.848548891770747,283130000.0,283130000.0,4.08522,2.25154792692434,..,67.00243902439026,43.8
1999.0,Liberia,1999_Liberia,441800019.37831867,2741755.0,..,93950000.0,93950000.0,..,1.57302050618258,..,52.30117073170732,126.4
1999.0,Madagascar,1999_Madagascar,3717515282.5331903,15262817.0,..,358100000.0,358100000.0,2.76755,1.95464923238496,..,57.77173170731708,74.0
1999.0,Mali,1999_Mali,2570429654.900504,9977308.0,..,354270000.0,354270000.0,2.98639,1.81948831208473,..,48.64504878048781,119.0
1999.0,Mauritania,1999_Mauritania,1194629230.9821777,2627739.0,..,222450000.0,222450000.0,2.43289,4.03149729908431,..,59.58085365853659,76.1
1999.0,Mongolia,1999_Mongolia,1057408608.4357866,2376197.0,18.191131780056974,222260000.0,222260000.0,5.14566,3.41739994838211,..,62.480121951219516,52.0
1999.0,Mozambique,1999_Mozambique,4536278939.244746,17798102.0,..,818520000.0,818520000.0,3.65996,3.56609747018631,..,47.258292682926836,119.4
1999.0,Niger,1999_Niger,2018193598.2538702,10596258.0,..,187070000.0,187070000.0,3.22863,1.61027667482778,..,49.99721951219513,104.2
1999.0,Nigeria,1999_Nigeria,35870792987.94322,119831888.0,..,151800000.0,151800000.0,..,1.63159646855488,..,46.44268292682928,115.3
1999.0,Norway,1999_Norway,159045286696.07138,4461913.0,..,..,..,7.10836,8.29517843063593,..,78.28292682926829,4.0
1999.0,Peru,1999_Peru,49308109291.7563,25611482.0,18.005396525740718,444710000.0,444710000.0,3.35132,2.75068678863549,..,70.03009756097562,32.7
1999.0,Sierra Leone,1999_Sierra Leone,669384768.8726305,4030443.0,7.1058979846055,73630000.0,73630000.0,..,2.97313277821883,..,37.453073170731706,143.9
1999.0,Tanzania,1999_Tanzania,9697847589.168348,33183093.0,..,991860000.0,991860000.0,..,1.51624181218086,..,49.58919512195123,85.0
1999.0,Timor-Leste,1999_Timor-Leste,..,848230.0,..,152820000.0,152820000.0,..,..,..,58.50321951219513,87.8
1999.0,Togo,1999_Togo,1576094484.7089443,4740974.0,..,71420000.0,71420000.0,4.18572,1.47739469079048,..,53.59417073170732,78.5
1999.0,Trinidad and Tobago,1999_Trinidad and Tobago,6808976096.217165,1264781.0,..,26200000.0,26200000.0,2.75612,1.89019991192741,..,68.55156097560977,25.4
1999.0,Yemen,1999_Yemen,7641101221.438755,17035531.0,23.368270304750908,459140000.0,459140000.0,..,2.12739115525886,..,60.22756097560976,71.8
1999.0,Zambia,1999_Zambia,3404284652.9358487,9839179.0,17.592724371507856,623030000.0,623030000.0,1.92966,2.86436659191438,..,41.26453658536585,102.7
2000.0,Afghanistan,2000_Afghanistan,..,20595360.0,..,136010000.0,136010000.0,..,..,..,54.84856097560976,94.5
2000.0,Albania,2000_Albania,3686649386.8396196,3089027.0,..,317850000.0,317850000.0,3.23823,2.29237350105249,..,74.2720731707317,23.2
2000.0,Azerbaijan,2000_Azerbaijan,5272617196.045174,8048600.0,..,139120000.0,139120000.0,3.85399,0.866892751165748,..,66.75824390243903,60.7
2000.0,Burkina Faso,2000_Burkina Faso,2610959139.409627,11607944.0,..,179780000.0,179780000.0,..,2.03410254536725,..,50.48275609756099,96.2
2000.0,Cameroon,2000_Cameroon,9287367568.794428,15927713.0,..,376730000.0,376730000.0,1.93258,0.932628532463754,..,51.93587804878049,92.5
2000.0,Chad,2000_Chad,1385058211.5089853,8301151.0,..,131289999.99999999,131289999.99999999,2.64671,2.66748035248902,..,46.68717073170732,105.9
2000.0,Central African Republic,2000_Central African Republic,914500331.9837229,3638316.0,..,75280000.0,75280000.0,1.61265,2.15040809437478,..,43.69231707317074,113.3
2000.0,Democratic Republic of Congo,2000_Democratic Republic of Congo,19088046305.7971,46949244.0,0.8422239702994161,177120000.0,177120000.0,..,0.198198809328255,..,46.35573170731708,114.6
2000.0,Republic of the Congo,2000_Republic of the Congo,3219910666.0298014,3126204.0,..,32040000.0,32040000.0,..,1.22259206442399,..,52.301926829268304,76.5
2000.0,Côte d'Ivoire,2000_Côte d'Ivoire,10417060604.904352,16131332.0,..,350570000.0,350570000.0,3.81032,1.83952270412407,..,46.4539024390244,99.6
2000.0,Equatorial Guinea,2000_Equatorial Guinea,1045998534.0036055,518179.0,..,21270000.0,21270000.0,0.67738,1.82316376313066,..,47.76370731707318,98.8
2000.0,Gabon,2000_Gabon,5067865502.799882,1225527.0,..,11660000.0,11660000.0,3.82709,1.15100537081287,..,59.68802439024392,55.5
2000.0,Ghana,2000_Ghana,4982849054.029104,18825034.0,..,598170000.0,598170000.0,..,2.37504946984624,..,56.98758536585366,65.2
2000.0,Guinea,2000_Guinea,2995360969.174272,8746128.0,..,152930000.0,152930000.0,2.5934,1.0959394529233,..,51.249926829268304,103.1
2000.0,Guatemala,2000_Guatemala,19290566570.04831,11204183.0,10.154456411635286,263130000.0,263130000.0,..,2.24878590837585,56.0,67.74121951219512,40.0
2000.0,Indonesia,2000_Indonesia,165021012261.50867,208938698.0,..,1653000000.0,1653000000.0,..,0.70736781254753,..,67.25121951219514,41.0
2000.0,Iraq,2000_Iraq,..,23801156.0,..,101830000.0,101830000.0,..,0.0385702379232713,..,70.82992682926829,35.7
2000.0,Kazakhstan,2000_Kazakhstan,18291990619.137,14883626.0,11.325659401878902,189190000.0,189190000.0,3.25662,2.11931065093992,..,65.51707317073172,37.5
2000.0,Kyrgyz Republic,2000_Kyrgyz Republic,1369691955.022125,4898400.0,14.162781764041062,214710000.0,214710000.0,3.50837,2.07090180238073,..,68.55853658536587,42.0
2000.0,Liberia,2000_Liberia,529064646.66383004,2891968.0,..,67420000.0,67420000.0,..,1.44875622525348,..,52.409121951219525,118.9
2000.0,Madagascar,2000_Madagascar,3877673634.588538,15744811.0,11.690383407840887,320200000.0,320200000.0,2.91135,2.4697357527797,..,58.472804878048784,70.5
2000.0,Mali,2000_Mali,2422482317.567193,10260577.0,13.44357808628191,288000000.0,288000000.0,3.62371,2.06991037253359,..,49.055487804878055,116.2
2000.0,Mauritania,2000_Mauritania,1081207677.526637,2708095.0,..,223460000.0,223460000.0,..,3.9706814249232,51.0,59.672926829268306,76.0
2000.0,Mongolia,2000_Mongolia,1136896162.1421814,2397473.0,24.3569349134722,216960000.0,216960000.0,5.55037,3.82828627833814,..,62.92370731707318,49.4
2000.0,Mozambique,2000_Mozambique,4310090791.180285,18275618.0,..,906220000.0,906220000.0,..,4.31188307459895,..,47.42541463414635,113.8
2000.0,Niger,2000_Niger,1798374532.9485528,10989815.0,..,209090000.0,209090000.0,3.18947,1.52009233514178,..,50.7059024390244,101.0
2000.0,Nigeria,2000_Nigeria,46385996027.42794,122876727.0,..,173700000.0,173700000.0,..,1.53986141679548,..,46.62400000000001,112.5
2000.0,Norway,2000_Norway,168288531891.20407,4490967.0,48.39614323655419,..,..,6.58096,7.63042095754779,..,78.63414634146342,3.9
2000.0,Peru,2000_Peru,50936239280.85769,26000080.0,18.21590844136997,396840000.0,396840000.0,..,2.75534910328409,..,70.50543902439024,30.4
2000.0,Sierra Leone,2000_Sierra Leone,635874002.1987478,4139757.0,11.439005868481228,180640000.0,180640000.0,4.94937,3.95657151541668,..,38.111609756097565,141.3
2000.0,Tanzania,2000_Tanzania,10185786170.732687,34020512.0,..,1063920000.0000001,1063920000.0000001,..,1.46439812791695,..,49.97151219512195,80.4
2000.0,Timor-Leste,2000_Timor-Leste,368000000.0,853585.0,..,231270000.0,231270000.0,..,3.490075028463,..,59.481414634146354,83.8
2000.0,Togo,2000_Togo,1294250279.6812894,4864753.0,..,69550000.0,69550000.0,4.50842,1.50977246632516,..,53.545341463414644,76.7
2000.0,Trinidad and Tobago,2000_Trinidad and Tobago,8154315701.998857,1267980.0,..,-1530000.0,-1530000.0,2.75565,1.8356818516159,..,68.5979512195122,25.3
2000.0,Yemen,2000_Yemen,9636342274.824078,17522537.0,..,311280000.0,311280000.0,9.66163,2.23528562805052,..,60.45785365853659,69.2
2000.0,Zambia,2000_Zambia,3600631918.506575,10100981.0,..,794650000.0,794650000.0,1.97895,2.89332606002444,..,41.78312195121952,99.5
2001.0,Afghanistan,2001_Afghanistan,2461666314.7836623,21347782.0,..,410360000.0,410360000.0,..,..,..,55.25621951219512,92.7
2001.0,Albania,2001_Albania,4091020249.199499,3064111.0,..,268530000.0,268530000.0,3.31589,2.30930450785866,..,74.73421951219512,22.1
2001.0,Azerbaijan,2001_Azerbaijan,5707618246.568476,8111200.0,..,229760000.0,229760000.0,3.50342,0.846501128668172,49.6,67.15029268292683,56.9
2001.0,Burkina Faso,2001_Burkina Faso,2812845486.4419565,11946080.0,..,405940000.0,405940000.0,..,1.84608079934964,..,50.858073170731714,95.0
2001.0,Cameroon,2001_Cameroon,9633109256.736061,16350440.0,..,457760000.0,457760000.0,2.60995,1.12919928214274,40.2,51.75719512195122,89.8
2001.0,Chad,2001_Chad,1709347776.842432,8620917.0,..,188560000.0,188560000.0,2.42614,2.39647810888892,..,46.78702439024391,104.8
2001.0,Central African Republic,2001_Central African Republic,931833293.7534504,3704045.0,..,76390000.0,76390000.0,..,1.89963543359373,..,43.78739024390244,113.0
2001.0,Democratic Republic of Congo,2001_Democratic Republic of Congo,7438044091.333333,48167045.0,2.986632380845588,245370000.0,245370000.0,..,0.228575909613547,..,46.678048780487806,114.2
2001.0,Republic of the Congo,2001_Republic of the Congo,2794259756.130931,3205636.0,32.26935315500659,73780000.0,73780000.0,..,1.33453248939706,..,52.441243902439034,75.4
2001.0,Côte d'Ivoire,2001_Côte d'Ivoire,10545285036.79525,16420173.0,..,185910000.0,185910000.0,3.89387,1.36945463702889,..,46.273121951219515,97.7
2001.0,Equatorial Guinea,2001_Equatorial Guinea,1461139007.9371645,534592.0,..,13240000.0,13240000.0,0.58022,1.12399620153882,..,47.83773170731708,96.4
2001.0,Gabon,2001_Gabon,4712849279.649235,1255299.0,..,8530000.0,8530000.0,..,1.3640931214007,..,59.49631707317074,54.7
2001.0,Ghana,2001_Ghana,5314871683.522301,19293392.0,18.1061131001006,640620000.0,640620000.0,5.35444,3.16648490124952,..,57.147609756097566,63.4
2001.0,Guinea,2001_Guinea,2833442750.4189086,8895353.0,..,288850000.0,288850000.0,2.08191,1.28971746367109,..,51.27629268292684,99.2
2001.0,Guatemala,2001_Guatemala,18702820735.01735,11478984.0,11.9919879056565,234300000.0,234300000.0,..,2.40866307700891,..,68.22048780487806,38.6
2001.0,Indonesia,2001_Indonesia,160446947638.31348,211970371.0,18.25672377578627,1464810000.0,1464810000.0,2.46003,0.963975562364155,..,67.58573170731708,39.4
2001.0,Iraq,2001_Iraq,..,24516842.0,..,122700000.0,122700000.0,..,0.0519842600468697,..,70.66741463414635,35.2
2001.0,Kazakhstan,2001_Kazakhstan,22152689129.55827,14858335.0,11.443403331939434,157000000.0,157000000.0,..,1.9657951641439,46.7,65.76829268292683,35.7
2001.0,Kyrgyz Republic,2001_Kyrgyz Republic,1525113501.1103437,4945100.0,16.052477352798263,187940000.0,187940000.0,3.85419,1.96892383904281,..,68.70731707317073,40.3
2001.0,Liberia,2001_Liberia,514999999.999999,2998770.0,..,38480000.0,38480000.0,..,1.64715131328552,..,52.533463414634156,111.5
2001.0,Madagascar,2001_Madagascar,4529575232.98509,16235767.0,10.149756660505552,370250000.0,370250000.0,3.25033,2.65303718079885,70.8,59.11360975609757,67.0
2001.0,Mali,2001_Mali,2629739067.4674587,10562768.0,14.556005031903304,351810000.0,351810000.0,3.50314,2.87238370778898,55.6,49.524292682926834,112.8
2001.0,Mauritania,2001_Mauritania,1121564037.897094,2791403.0,..,282840000.0,282840000.0,2.8395,2.86486146108658,..,59.770097560975614,75.9
2001.0,Mongolia,2001_Mongolia,1267997923.0326948,2419669.0,25.421837164555043,213610000.0,213610000.0,..,3.89985283643675,..,63.40260975609756,46.7
2001.0,Mozambique,2001_Mozambique,4075049537.382099,18785719.0,..,960720000.0,960720000.0,..,3.96759609009199,..,47.52629268292683,108.5
2001.0,Niger,2001_Niger,1945327545.8881547,11396434.0,..,259050000.0,259050000.0,2.86725,1.83510420164233,..,51.40729268292684,97.7
2001.0,Nigeria,2001_Nigeria,44138014092.26274,126004992.0,..,176170000.0,176170000.0,..,1.50487004929517,..,46.88117073170732,109.5
2001.0,Norway,2001_Norway,170922851073.76804,4513751.0,47.37862965852402,..,..,6.9525,8.14887496608404,..,78.78536585365853,3.8
2001.0,Peru,2001_Peru,51592179795.66005,26372358.0,17.37709003985035,450640000.0,450640000.0,2.9298,2.71061896074907,54.8,70.95239024390246,28.4
2001.0,Sierra Leone,2001_Sierra Leone,1079478387.8357625,4295667.0,9.686053024105368,334820000.0,334820000.0,3.46767,3.1276012823327,..,38.84646341463416,138.5
2001.0,Tanzania,2001_Tanzania,10383560997.78072,34895398.0,..,1274230000.0,1274230000.0,..,1.60492861757294,..,50.49678048780489,75.5
2001.0,Timor-Leste,2001_Timor-Leste,452000000.0,871353.0,..,194170000.0,194170000.0,..,3.69019207717274,36.3,60.346195121951226,79.9
2001.0,Togo,2001_Togo,1332328986.2827737,4992225.0,..,46080000.0,46080000.0,4.18779,1.23213727540242,..,53.58819512195122,75.0
2001.0,Trinidad and Tobago,2001_Trinidad and Tobago,8824873155.625835,1272347.0,27.138265536147994,-1730000.0,-1730000.0,3.06529,2.22698119518899,..,68.65400000000001,25.2
2001.0,Yemen,2001_Yemen,9854042164.674635,18029989.0,..,370390000.0,370390000.0,9.24471,2.29418065332037,..,60.68368292682928,66.5
2001.0,Zambia,2001_Zambia,4094441301.2142286,10362137.0,17.45585659224098,570840000.0,570840000.0,..,3.44558755947456,..,42.506560975609766,95.4
2002.0,Afghanistan,2002_Afghanistan,4128818042.255077,22202806.0,..,1309770000.0,1309770000.0,..,0.601375200613573,..,55.6718780487805,90.6
2002.0,Albania,2002_Albania,4449373455.281427,3051427.0,19.331293857135197,307420000.0,307420000.0,3.04681,2.26359799713993,25.4,75.1579512195122,21.0
2002.0,Azerbaijan,2002_Azerbaijan,6236024951.2042265,8171950.0,..,349310000.0,349310000.0,3.15449,0.791817881887166,..,67.56107317073172,53.2
2002.0,Burkina Faso,2002_Burkina Faso,3205592273.186932,12296399.0,11.69537470554009,439760000.0,439760000.0,..,2.19970762315764,..,51.27275609756098,93.5
2002.0,Cameroon,2002_Cameroon,10879778327.819414,16782044.0,..,605850000.0,605850000.0,..,1.2903827201819,..,51.65526829268293,86.7
2002.0,Chad,2002_Chad,1987622268.8151252,8959964.0,..,229540000.0,229540000.0,..,2.48195519763453,..,46.92970731707318,103.7
2002.0,Central African Republic,2002_Central African Republic,991387865.0449321,3767248.0,..,60240000.0,60240000.0,1.51957,2.1029690479399,..,43.96358536585366,112.7
2002.0,Democratic Republic of Congo,2002_Democratic Republic of Congo,8728038480.285164,49516960.0,4.8855935443450775,1174980000.0,1174980000.0,..,0.251996756870253,..,47.01914634146342,112.9
2002.0,Republic of the Congo,2002_Republic of the Congo,3019993723.1258554,3283719.0,31.910795856525247,57660000.0,57660000.0,3.20832,1.28795915417074,..,52.69217073170732,73.2
2002.0,Côte d'Ivoire,2002_Côte d'Ivoire,11486664265.354841,16674987.0,..,1067720000.0,1067720000.0,4.39666,1.51409329246747,40.2,46.28358536585366,95.7
2002.0,Equatorial Guinea,2002_Equatorial Guinea,1806742732.910897,551399.0,..,20150000.0,20150000.0,0.603,0.935639974359201,..,47.97651219512196,94.1
2002.0,Gabon,2002_Gabon,4931503836.34766,1285318.0,..,71660000.0,71660000.0,..,1.29549524876207,..,59.4229268292683,53.7
2002.0,Ghana,2002_Ghana,6166197191.766944,19786307.0,18.009606647292376,686200000.0,686200000.0,..,2.36076296508534,..,57.4219268292683,61.6
2002.0,Guinea,2002_Guinea,2949637039.0635552,9045748.0,..,253860000.0,253860000.0,2.59387,1.33105037635386,49.1,51.440634146341466,95.4
2002.0,Guatemala,2002_Guatemala,20776536919.959343,11765738.0,12.492228017535266,249550000.0,249550000.0,..,2.21196897606746,..,68.64585365853658,37.2
2002.0,Indonesia,2002_Indonesia,195660611033.84912,215038285.0,16.385582183310504,1304650000.0,1304650000.0,2.64569,0.851944041645081,18.2,67.91426829268293,37.8
2002.0,Iraq,2002_Iraq,..,25238267.0,..,113380000.0,113380000.0,..,0.0344550544335229,..,70.4310487804878,34.6
2002.0,Kazakhstan,2002_Kazakhstan,24636598581.020412,14858948.0,13.234335757069534,187420000.0,187420000.0,3.0297,1.93312090188299,44.5,65.96829268292684,33.9
2002.0,Kyrgyz Republic,2002_Kyrgyz Republic,1605640633.4218886,4990700.0,..,185610000.0,185610000.0,4.44547,2.14921650059044,..,68.10731707317073,38.6
2002.0,Liberia,2002_Liberia,536000000.00000083,3070673.0,..,55160000.0,55160000.0,..,1.09081378145462,..,52.810804878048785,104.1
2002.0,Madagascar,2002_Madagascar,4397254714.883368,16736029.0,7.998841615945755,373960000.0,373960000.0,2.71621,2.58378846099378,..,59.69917073170732,63.7
2002.0,Mali,2002_Mali,3342824259.824932,10882662.0,14.225242429760215,424970000.0,424970000.0,3.3701,2.52541841940392,..,50.0239024390244,109.0
2002.0,Mauritania,2002_Mauritania,1149655880.9534585,2877431.0,..,363690000.0,363690000.0,3.05538,3.97488310521172,..,59.87439024390245,75.8
2002.0,Mongolia,2002_Mongolia,1396555772.0379355,2443231.0,24.759042151198575,207800000.0,207800000.0,7.21078,3.78438182301657,..,63.895951219512206,44.1
2002.0,Mozambique,2002_Mozambique,4201332885.2841554,19319894.0,..,2219270000.0,2219270000.0,..,4.4888620302975,..,47.59285365853659,103.6
2002.0,Niger,2002_Niger,2170481497.622117,11817297.0,..,300450000.0,300450000.0,3.06366,1.90925836376595,..,52.10187804878049,94.1
2002.0,Nigeria,2002_Nigeria,59116868249.84005,129224641.0,..,297930000.0,297930000.0,..,1.00022220187582,..,47.219731707317074,106.4
2002.0,Norway,2002_Norway,191927027230.14105,4538159.0,47.49054856500688,..,..,7.57668,8.71737843656656,..,78.98780487804879,3.6
2002.0,Peru,2002_Peru,54452491886.51293,26729909.0,16.865896743034067,488480000.0,488480000.0,2.9749,2.77376806420944,54.3,71.3669268292683,26.4
2002.0,Sierra Leone,2002_Sierra Leone,1239004287.7560744,4493047.0,9.177967485301863,383120000.0,383120000.0,3.58631,3.06972321336579,..,39.64663414634146,135.6
2002.0,Tanzania,2002_Tanzania,10805600068.704048,35806497.0,..,1269840000.0,1269840000.0,..,1.52812166236482,..,51.15948780487805,70.5
2002.0,Timor-Leste,2002_Timor-Leste,444000000.0,899367.0,..,219050000.0,219050000.0,..,3.65290711369236,..,61.12053658536586,76.0
2002.0,Togo,2002_Togo,1474630199.4187372,5123674.0,..,51350000.0,51350000.0,4.01732,0.906362661989672,..,53.68873170731708,73.3
2002.0,Trinidad and Tobago,2002_Trinidad and Tobago,9008273516.35786,1277723.0,26.020607567951682,-8580000.0,-8580000.0,3.54301,2.64700657310357,..,68.72304878048782,25.0
2002.0,Yemen,2002_Yemen,10693278291.814947,18551068.0,..,216750000.0,216750000.0,..,2.14264850252538,..,60.904,63.8
2002.0,Zambia,2002_Zambia,4193850445.4263234,10625423.0,15.73520420844968,811330000.0,811330000.0,..,4.3350003572711,..,43.4269268292683,90.6
2003.0,Afghanistan,2003_Afghanistan,4583648921.641125,23116142.0,..,1593670000.0,1593670000.0,..,0.651120561638836,..,56.10756097560976,88.4
2003.0,Albania,2003_Albania,5652325081.831464,3033659.0,19.86846678503325,354500000.0,354500000.0,3.11557,2.21502100567931,..,75.52936585365855,20.0
2003.0,Azerbaijan,2003_Azerbaijan,7275766111.243089,8234100.0,..,300700000.0,300700000.0,3.28615,0.829677970193115,..,68.00368292682928,49.8
2003.0,Burkina Faso,2003_Burkina Faso,4205691121.7898474,12659086.0,12.351834924795927,540950000.0,540950000.0,..,2.56391144060114,51.1,51.717560975609764,91.4
2003.0,Cameroon,2003_Cameroon,13621738512.258066,17223277.0,..,885980000.0,885980000.0,3.3018,1.3317210643303,..,51.63904878048781,83.6
2003.0,Chad,2003_Chad,2736666450.547942,9311234.0,..,253550000.0,253550000.0,..,2.70744491282072,54.8,47.12314634146342,102.7
2003.0,Central African Republic,2003_Central African Republic,1139754771.911022,3829636.0,..,51250000.0,51250000.0,1.5398,2.12894724395831,..,44.22390243902439,112.0
2003.0,Democratic Republic of Congo,2003_Democratic Republic of Congo,8937556125.216791,50972323.0,6.107779696991635,5416990000.0,5416990000.0,..,1.10342058385652,..,47.33148780487805,110.6
2003.0,Republic of the Congo,2003_Republic of the Congo,3495868724.6594543,3363418.0,31.55051385367654,69150000.0,69150000.0,2.83616,1.3001791638178,..,53.048804878048784,69.9
2003.0,Côte d'Ivoire,2003_Côte d'Ivoire,13737482343.421452,16909801.0,15.568190645115632,253670000.0,253670000.0,4.42122,1.49120029378437,..,46.4629512195122,93.5
2003.0,Equatorial Guinea,2003_Equatorial Guinea,2484745875.8212414,568552.0,..,20930000.0,20930000.0,..,1.28564658773212,..,48.1909756097561,91.6
2003.0,Gabon,2003_Gabon,6054883172.039121,1315820.0,..,-10570000.0,-10570000.0,..,1.57078860172743,..,59.484292682926835,52.7
2003.0,Ghana,2003_Ghana,7632720680.281192,20301686.0,19.766820007346084,983450000.0,983450000.0,..,2.48742087950458,..,57.78665853658537,60.1
2003.0,Guinea,2003_Guinea,3446442218.898289,9204581.0,..,254330000.0,254330000.0,2.37102,0.780206326526433,..,51.7490243902439,91.7
2003.0,Guatemala,2003_Guatemala,21917565499.914997,12062835.0,12.248183075438925,246780000.0,246780000.0,..,2.35497784756852,..,69.01519512195124,35.9
2003.0,Indonesia,2003_Indonesia,234772458818.09644,218145617.0,16.929709175766266,1771570000.0,1771570000.0,3.218,1.01530115640332,17.4,68.23631707317074,36.3
2003.0,Iraq,2003_Iraq,..,25959531.0,..,2287650000.0,2287650000.0,..,1.97933709322387,..,70.12356097560976,34.1
2003.0,Kazakhstan,2003_Kazakhstan,30833692831.39551,14909018.0,13.936406511110327,293860000.0,293860000.0,..,2.01432141327739,37.5,65.8658536585366,32.0
2003.0,Kyrgyz Republic,2003_Kyrgyz Republic,1919012780.9708598,5043300.0,..,200100000.0,200100000.0,4.47541,2.05684400038153,..,68.25609756097562,37.1
2003.0,Liberia,2003_Liberia,408999999.9999997,3124222.0,..,106940000.0,106940000.0,..,1.18960876341778,..,53.328658536585365,96.8
2003.0,Madagascar,2003_Madagascar,5474030227.594566,17245275.0,10.694007510820883,546330000.0,546330000.0,3.03949,2.25998878824536,..,60.235512195121956,60.5
2003.0,Mali,2003_Mali,4362439886.719905,11219737.0,16.42036655212883,559190000.0,559190000.0,4.10313,2.74318993941406,..,50.53080487804879,104.9
2003.0,Mauritania,2003_Mauritania,1285178265.9772651,2965667.0,..,260660000.00000003,260660000.00000003,3.10349,3.42867811361032,..,59.98685365853659,75.6
2003.0,Mongolia,2003_Mongolia,1595297301.456512,2468595.0,30.24004508420846,252050000.0,252050000.0,..,4.05345938622881,..,64.38326829268294,41.6
2003.0,Mozambique,2003_Mozambique,4666197195.031971,19873460.0,..,1047970000.0,1047970000.0,..,4.10824097897675,54.1,47.65704878048781,98.9
2003.0,Niger,2003_Niger,2731416281.3253684,12254040.0,..,479820000.0,479820000.0,2.40162,1.68044593335115,..,52.78870731707318,90.2
2003.0,Nigeria,2003_Nigeria,67655840108.15466,132550146.0,12.02381889699271,308220000.0,308220000.0,..,1.69039159405243,..,47.63773170731708,103.3
2003.0,Norway,2003_Norway,224880794327.84387,4564855.0,46.12740476861904,..,..,7.54755,8.82916164479234,..,79.39024390243902,3.5
2003.0,Peru,2003_Peru,59034091562.20533,27073334.0,17.192585528973105,516890000.0,516890000.0,2.81271,2.6477256500038,52.3,71.74756097560977,24.7
2003.0,Sierra Leone,2003_Sierra Leone,1371442565.6970057,4712763.0,8.933409740963537,337080000.0,337080000.0,3.29477,2.74448106398179,66.4,40.486073170731714,132.9
2003.0,Tanzania,2003_Tanzania,11659129814.743292,36760831.0,..,1725390000.0,1725390000.0,..,1.85501372282202,..,51.946658536585375,65.8
2003.0,Timor-Leste,2003_Timor-Leste,453000000.0,933369.0,..,175030000.0,175030000.0,..,5.20451220282068,..,61.82931707317074,72.3
2003.0,Togo,2003_Togo,1673690389.7013042,5258956.0,..,49890000.0,49890000.0,4.19533,1.44009662637467,..,53.81943902439024,71.6
2003.0,Trinidad and Tobago,2003_Trinidad and Tobago,11235960527.53484,1283868.0,25.777341982615315,-2900000.0,-2900000.0,3.156,2.59997323077741,..,68.80543902439025,24.6
2003.0,Yemen,2003_Yemen,11777768086.869303,19081306.0,..,243800000.0,243800000.0,..,2.18173072669446,..,61.118341463414644,61.1
2003.0,Zambia,2003_Zambia,4901869715.904569,10894519.0,15.33467688268596,774540000.0,774540000.0,..,4.17948848237869,..,44.52226829268293,85.6
2004.0,Afghanistan,2004_Afghanistan,5285461999.337394,24018682.0,..,2311490000.0,2311490000.0,..,1.02593092350661,..,56.56973170731708,86.2
2004.0,Albania,2004_Albania,7464446950.181432,3014579.0,19.290618060503146,299950000.0,299950000.0,3.10656,2.73505762456495,..,75.839,19.1
2004.0,Azerbaijan,2004_Azerbaijan,8680511918.493572,8306500.0,..,175760000.0,175760000.0,3.44766,1.02867003505276,..,68.47019512195122,46.7
2004.0,Burkina Faso,2004_Burkina Faso,4838551014.485526,13034258.0,13.725244716166959,642560000.0,642560000.0,..,3.27993064072116,..,52.18278048780489,89.0
2004.0,Cameroon,2004_Cameroon,15775356736.764538,17674960.0,..,790660000.0,790660000.0,3.32991,1.12963830193187,..,51.71648780487805,80.7
2004.0,Chad,2004_Chad,4414929142.233667,9665024.0,..,337660000.0,337660000.0,1.59295,1.81366379202689,..,47.36978048780488,101.7
2004.0,Central African Republic,2004_Central African Republic,1270080228.2324147,3893595.0,..,109830000.0,109830000.0,1.62453,1.88026882951059,..,44.567829268292684,111.4
2004.0,Democratic Republic of Congo,2004_Democratic Republic of Congo,10297481446.21612,52487293.0,7.439355849600167,1919010000.0,1919010000.0,..,1.13610906458401,..,47.59912195121952,107.8
2004.0,Republic of the Congo,2004_Republic of the Congo,4648628839.490572,3448868.0,32.74437613144393,115480000.0,115480000.0,2.28813,1.36967510303404,..,53.49965853658538,65.9
2004.0,Côte d'Ivoire,2004_Côte d'Ivoire,15481092596.54723,17144325.0,16.198715888219134,160520000.0,160520000.0,4.41405,1.57370911199399,..,46.791000000000004,91.3
2004.0,Equatorial Guinea,2004_Equatorial Guinea,4410764260.977864,585983.0,..,29150000.0,29150000.0,..,1.1382442427944,..,48.48709756097561,89.3
2004.0,Gabon,2004_Gabon,7178135606.414284,1347125.0,..,39870000.0,39870000.0,..,1.46651474900715,..,59.68385365853659,51.5
2004.0,Ghana,2004_Ghana,8881419348.21705,20835514.0,23.71214600557206,1418690000.0,1418690000.0,7.53558,3.79814293076387,..,58.22485365853659,58.9
2004.0,Guinea,2004_Guinea,3666349049.4043527,9379621.0,..,278530000.0,278530000.0,2.21,0.899992974815391,..,52.19458536585367,88.3
2004.0,Guatemala,2004_Guatemala,23965280312.087082,12367800.0,12.117757762151985,217120000.0,217120000.0,..,2.22537165229382,..,69.3319024390244,34.6
2004.0,Indonesia,2004_Indonesia,256836883304.55344,221293797.0,17.43649354193252,131870000.0,131870000.0,2.74847,0.934871167512593,16.7,68.55039024390244,34.8
2004.0,Iraq,2004_Iraq,36627901762.06301,26673536.0,..,4650650000.0,4650650000.0,..,4.0504092192987,..,69.76865853658538,33.6
2004.0,Kazakhstan,2004_Kazakhstan,43151647002.60963,15012985.0,15.144587237126755,267760000.0,267760000.0,2.25591,2.2946661362984,33.9,65.88780487804878,30.3
2004.0,Kyrgyz Republic,2004_Kyrgyz Republic,2211535311.628343,5104700.0,..,261370000.0,261370000.0,4.62243,2.27517825990186,..,68.15365853658537,35.7
2004.0,Liberia,2004_Liberia,466999999.99999905,3184643.0,..,213250000.0,213250000.0,..,2.41434012767217,..,54.09624390243903,89.8
2004.0,Madagascar,2004_Madagascar,4363934416.538023,17763367.0,12.08585586523616,1262750000.0,1262750000.0,3.2643,2.38354048838904,..,60.72870731707318,57.5
2004.0,Mali,2004_Mali,4874178417.191636,11572936.0,17.60420107644966,587840000.0,587840000.0,4.31077,3.0917103563559,..,51.033,100.8
2004.0,Mauritania,2004_Mauritania,1496460378.8679245,3055425.0,..,194530000.0,194530000.0,2.51687,3.83935796887401,46.7,60.10943902439025,75.3
2004.0,Mongolia,2004_Mongolia,1992066758.8442302,2496248.0,..,257959999.99999997,257959999.99999997,4.32573,3.9235850096781,..,64.85182926829269,39.2
2004.0,Mozambique,2004_Mozambique,5697991242.106176,20438827.0,..,1242860000.0,1242860000.0,4.45532,3.52192794458331,..,47.73582926829269,94.6
2004.0,Niger,2004_Niger,3052898685.6952496,12708897.0,..,547590000.0,547590000.0,..,1.84586757440801,..,53.46378048780488,86.3
2004.0,Nigeria,2004_Nigeria,87845403978.27419,135999250.0,11.406933118187176,576940000.0,576940000.0,..,2.27501326998701,48.4,48.12565853658537,100.2
2004.0,Norway,2004_Norway,260029106207.98923,4591910.0,47.404798689192,..,..,7.42405,8.43125218220779,..,79.84146341463416,3.4
2004.0,Peru,2004_Peru,66730306799.53107,27403845.0,17.222963965305592,463450000.0,463450000.0,2.83396,2.56791486858183,58.7,72.09680487804879,23.0
2004.0,Sierra Leone,2004_Sierra Leone,1431208677.3035204,4928175.0,9.233176778603069,376290000.0,376290000.0,3.14475,2.63531338483789,..,41.33317073170732,130.1
2004.0,Tanzania,2004_Tanzania,12825801916.606281,37765139.0,..,1772410000.0,1772410000.0,4.65018,1.52699550958831,..,52.840780487804885,61.3
2004.0,Timor-Leste,2004_Timor-Leste,466000000.0,966987.0,..,161240000.0,161240000.0,..,6.18499961526026,..,62.48517073170733,68.6
2004.0,Togo,2004_Togo,1937074537.930888,5397851.0,15.859904992756018,64900000.00000001,64900000.00000001,3.62152,1.68209936863956,..,53.97126829268293,70.0
2004.0,Trinidad and Tobago,2004_Trinidad and Tobago,12884712295.994848,1290379.0,26.954514987530924,-1810000.0,-1810000.0,..,2.59977723235848,..,68.90056097560976,24.2
2004.0,Yemen,2004_Yemen,13873500887.561153,19612696.0,..,266430000.0,266430000.0,..,1.8543305383926,..,61.32865853658537,58.5
2004.0,Zambia,2004_Zambia,6221109716.39571,11174650.0,15.71607471001567,1130470000.0,1130470000.0,2.81757,3.86990619938101,..,45.76500000000001,80.8
2005.0,Afghanistan,2005_Afghanistan,6275076016.471736,24860855.0,..,2837620000.0,2837620000.0,..,0.843914779017198,..,57.05843902439025,84.0
2005.0,Albania,2005_Albania,8376483393.941552,2992724.0,..,319140000.0,319140000.0,3.15439,2.77881054561811,18.5,76.08939024390244,18.2
2005.0,Azerbaijan,2005_Azerbaijan,13245421880.834042,8391850.0,..,216510000.0,216510000.0,2.97462,0.880835032260641,..,68.93726829268293,43.9
2005.0,Burkina Faso,2005_Burkina Faso,5462709054.779889,13421929.0,12.725415587256911,693370000.0,693370000.0,4.4326,4.09290919772889,..,52.65870731707317,86.0
2005.0,Cameroon,2005_Cameroon,16587857509.442152,18137734.0,..,413930000.0,413930000.0,3.12322,1.12007487568186,..,51.889048780487805,78.0
2005.0,Chad,2005_Chad,6646663021.435715,10014413.0,..,384540000.0,384540000.0,1.69477,1.94391383181316,..,47.67156097560976,100.7
2005.0,Central African Republic,2005_Central African Republic,1350300947.4675481,3960897.0,..,88900000.0,88900000.0,1.63638,2.178416610449,..,44.99592682926829,110.5
2005.0,Democratic Republic of Congo,2005_Democratic Republic of Congo,11964484457.52333,54028003.0,8.734704699152479,1881700000.0,1881700000.0,..,1.25193218774616,71.3,47.821609756097565,104.9
2005.0,Republic of the Congo,2005_Republic of the Congo,6087002681.7409525,3542867.0,39.93708923608559,1425480000.0,1425480000.0,1.83577,1.43460850765316,50.7,54.033292682926835,61.6
2005.0,Côte d'Ivoire,2005_Côte d'Ivoire,17084927539.848766,17393994.0,15.03147833024755,91210000.0,91210000.0,4.28678,1.32570375643011,..,47.23229268292683,88.8
2005.0,Equatorial Guinea,2005_Equatorial Guinea,8217368425.252516,603648.0,..,38130000.0,38130000.0,..,0.913982115262531,..,48.86836585365854,86.8
2005.0,Gabon,2005_Gabon,8665736617.550602,1379465.0,..,60430000.0,60430000.0,..,1.21292812571375,32.7,60.00914634146342,50.3
2005.0,Ghana,2005_Ghana,10731883141.445677,21384034.0,23.6884692085609,1150690000.0,1150690000.0,7.42208,4.65694441378233,..,58.70453658536586,57.9
2005.0,Guinea,2005_Guinea,2937072009.034301,9576331.0,..,198180000.0,198180000.0,1.84906,0.949314881093338,..,52.74512195121952,85.1
2005.0,Guatemala,2005_Guatemala,27211243473.226147,12678919.0,11.748335571826756,256589999.99999997,256589999.99999997,..,2.23656891265491,..,69.6089756097561,33.4
2005.0,Indonesia,2005_Indonesia,285868603863.92926,224480901.0,17.456746925687344,2533990000.0,2533990000.0,2.87282,0.803211001221181,16.0,68.85443902439026,33.4
2005.0,Iraq,2005_Iraq,49954890353.26087,27377045.0,..,22057090000.0,22057090000.0,..,2.7838722756538,..,69.4079024390244,33.0
2005.0,Kazakhstan,2005_Kazakhstan,57123671733.89525,15147029.0,..,228880000.0,228880000.0,2.26353,2.52154179238147,31.6,65.90975609756099,28.5
2005.0,Kyrgyz Republic,2005_Kyrgyz Republic,2459876151.9332976,5162600.0,..,267880000.0,267880000.0,4.87384,2.38059842020238,..,67.95609756097562,34.4
2005.0,Liberia,2005_Liberia,541999999.9999992,3269786.0,14.639198422509233,222490000.0,222490000.0,..,1.55346040444664,..,55.066170731707324,83.2
2005.0,Madagascar,2005_Madagascar,5039292946.962334,18290394.0,10.953221590366116,913020000.0,913020000.0,3.84872,2.45591775363422,75.0,61.18678048780489,54.5
2005.0,Mali,2005_Mali,5305317554.724951,11941258.0,17.972913400770857,721320000.0,721320000.0,4.14605,3.04426909151042,..,51.522536585365856,96.9
2005.0,Mauritania,2005_Mauritania,1857835643.131071,3146164.0,..,188700000.0,188700000.0,..,3.16194695971961,..,60.24260975609757,74.8
2005.0,Mongolia,2005_Mongolia,2523359940.712088,2526502.0,..,219590000.0,219590000.0,..,3.37241094698645,..,65.28780487804879,37.0
2005.0,Mozambique,2005_Mozambique,6578515330.993304,21010376.0,..,1297150000.0,1297150000.0,5.20143,4.30613506541631,..,47.85063414634147,90.5
2005.0,Niger,2005_Niger,3405134555.2916574,13183798.0,10.52101808512889,522150000.0,522150000.0,..,2.97850848849547,..,54.12014634146342,82.4
2005.0,Nigeria,2005_Nigeria,112248324602.67712,139585891.0,11.932550667949412,6408810000.0,6408810000.0,..,1.92595983182258,..,48.66448780487806,97.1
2005.0,Norway,2005_Norway,304060069848.66125,4623291.0,48.46519002688744,..,..,6.97399,7.9873623403255,..,80.04146341463415,3.2
2005.0,Peru,2005_Peru,74963815412.62137,27723281.0,18.666934873736064,450480000.0,450480000.0,2.72072,2.65011738705953,55.6,72.41860975609757,21.5
2005.0,Sierra Leone,2005_Sierra Leone,1627853086.4240255,5119895.0,8.747386171433138,339850000.0,339850000.0,2.83588,2.63215064682233,..,42.14521951219513,127.5
2005.0,Tanzania,2005_Tanzania,14141916592.384562,38824384.0,..,1499070000.0,1499070000.0,4.61078,1.88676480110951,..,53.82534146341464,57.2
2005.0,Timor-Leste,2005_Timor-Leste,491000000.0,982889.0,..,184760000.0,184760000.0,..,5.61032539850286,..,63.10063414634147,65.1
2005.0,Togo,2005_Togo,2115154090.3107104,5540214.0,14.651348576337847,82540000.0,82540000.0,3.4069,1.90004670989309,..,54.14317073170732,68.4
2005.0,Trinidad and Tobago,2005_Trinidad and Tobago,16088526685.842121,1296933.0,30.652748256888025,-1980000.0,-1980000.0,..,2.58735424405554,..,69.0077804878049,23.7
2005.0,Yemen,2005_Yemen,16753787028.285877,20139661.0,..,296530000.0,296530000.0,..,1.55111697580488,34.8,61.5349268292683,56.1
2005.0,Zambia,2005_Zambia,8331863989.522132,11470022.0,15.197796170915009,1172050000.0,1172050000.0,2.01436,3.92049905752491,..,47.12834146341464,76.4
2006.0,Afghanistan,2006_Afghanistan,7057597614.45076,25631282.0,8.859122479461936,2961670000.0,2961670000.0,..,1.13130882147723,..,57.57065853658537,82.0
2006.0,Albania,2006_Albania,9132558096.865145,2968028.0,..,321780000.0,321780000.0,3.10882,2.61520178746646,..,76.29053658536586,17.4
2006.0,Azerbaijan,2006_Azerbaijan,20982270733.24842,8484550.0,..,206390000.0,206390000.0,2.55551,0.86418435932999,..,69.3747317073171,41.5
2006.0,Burkina Faso,2006_Burkina Faso,5844669738.11104,13822257.0,13.010595575010145,901480000.0,901480000.0,4.45703,4.18929778345512,..,53.13968292682927,82.8
2006.0,Cameroon,2006_Cameroon,17953066391.113693,18611937.0,..,1718930000.0,1718930000.0,2.95568,1.07609011908069,..,52.15024390243903,75.5
2006.0,Chad,2006_Chad,7422102519.568477,10356822.0,..,289250000.0,289250000.0,..,1.29464001403432,..,48.028000000000006,99.7
2006.0,Central African Republic,2006_Central African Republic,1473721520.6993546,4032102.0,..,133660000.0,133660000.0,1.40242,1.97395875737682,..,45.50819512195122,109.3
2006.0,Democratic Republic of Congo,2006_Democratic Republic of Congo,14296505933.190552,55590838.0,9.99540395154353,2197280000.0,2197280000.0,..,1.52137615743619,..,48.01553658536586,102.1
2006.0,Republic of the Congo,2006_Republic of the Congo,7731261168.830965,3646653.0,45.66120813337951,258300000.0,258300000.0,..,1.49403276392124,..,54.634268292682926,57.2
2006.0,Côte d'Ivoire,2006_Côte d'Ivoire,17800887469.31457,17662417.0,15.883698033972832,247140000.0,247140000.0,4.21751,1.3923172875905,..,47.742658536585374,86.6
2006.0,Equatorial Guinea,2006_Equatorial Guinea,8081982438.4233265,621517.0,..,26210000.0,26210000.0,..,1.5273343881622,76.8,49.32782926829269,84.5
2006.0,Gabon,2006_Gabon,9545982814.084936,1412907.0,..,29050000.0,29050000.0,..,1.30958716588921,..,60.43124390243903,49.0
2006.0,Ghana,2006_Ghana,20410331625.663353,21947779.0,13.59415389118315,1243240000.0,1243240000.0,5.25996,3.06437773153647,31.9,59.18670731707318,57.2
2006.0,Guinea,2006_Guinea,2821346683.5140185,9798963.0,..,169560000.0,169560000.0,..,0.943148740514796,..,53.34953658536586,82.0
2006.0,Guatemala,2006_Guatemala,30231117389.640163,12995374.0,12.501305278546443,484290000.0,484290000.0,2.98401,2.43434342994856,51.0,69.86441463414636,32.3
2006.0,Indonesia,2006_Indonesia,364570525997.05304,227709821.0,18.699961071363322,1318320000.0,1318320000.0,..,0.912583094335175,17.8,69.1459512195122,32.2
2006.0,Iraq,2006_Iraq,65141035027.940575,28064095.0,..,8889320000.0,8889320000.0,..,1.91357156746539,..,69.09156097560977,32.5
2006.0,Kazakhstan,2006_Kazakhstan,81003864915.54366,15308084.0,..,174300000.0,174300000.0,2.62678,2.30571962390629,18.2,66.16097560975611,26.7
2006.0,Kyrgyz Republic,2006_Kyrgyz Republic,2834168889.4201913,5218400.0,16.467632980990352,310550000.0,310550000.0,5.54986,3.27699723637961,39.9,67.6951219512195,33.1
2006.0,Liberia,2006_Liberia,604028581.8061903,3384791.0,13.984988218174102,260450000.0,260450000.0,..,2.00429453005388,..,56.140390243902445,77.1
2006.0,Madagascar,2006_Madagascar,5515884434.373924,18826126.0,11.653857251837985,781580000.0,781580000.0,3.28291,2.64787118406608,..,61.62236585365854,51.7
2006.0,Mali,2006_Mali,6122644014.786838,12325545.0,16.023461097558307,865790000.0,865790000.0,..,3.16952344762955,47.5,51.994439024390246,93.4
2006.0,Mauritania,2006_Mauritania,2699181754.65376,3237713.0,..,225610000.0,225610000.0,2.52457,2.1700962625264,..,60.38680487804878,74.0
2006.0,Mongolia,2006_Mongolia,3414053250.9454865,2559496.0,37.6864723037072,205140000.0,205140000.0,..,3.1266137101407,..,65.68275609756098,35.0
2006.0,Mozambique,2006_Mozambique,7095910826.882433,21587317.0,..,1639300000.0,1639300000.0,5.00684,3.95098920911582,..,48.016414634146344,86.6
2006.0,Niger,2006_Niger,3646727993.036981,13679705.0,12.969583443271008,544410000.0,544410000.0,3.33406,3.17549371692381,..,54.75141463414635,78.7
2006.0,Nigeria,2006_Nigeria,145429802541.7467,143314909.0,10.353405166171624,11428020000.0,11428020000.0,..,1.93694028393347,..,49.22863414634147,93.9
2006.0,Norway,2006_Norway,340041735966.73615,4660677.0,50.40716690793887,..,..,6.48671,7.77887574336219,..,80.34390243902439,3.1
2006.0,Peru,2006_Peru,87985689388.37921,28030688.0,20.121095279864008,463440000.0,463440000.0,2.54763,2.54357255548606,49.2,72.72097560975611,20.0
2006.0,Sierra Leone,2006_Sierra Leone,1887429109.512978,5280909.0,8.862345608236028,380470000.0,380470000.0,..,1.94689416522241,..,42.882536585365855,124.8
2006.0,Tanzania,2006_Tanzania,14331231238.929577,39942347.0,..,1883290000.0,1883290000.0,3.91599,3.84352530337549,..,54.88426829268294,53.5
2006.0,Timor-Leste,2006_Timor-Leste,463000000.0,999053.0,..,209070000.0,209070000.0,..,9.0006755827532,..,63.68958536585366,61.7
2006.0,Togo,2006_Togo,2202809210.7409544,5685845.0,15.911975806154842,79900000.0,79900000.0,3.66374,2.24021300760365,61.7,54.34153658536586,66.9
2006.0,Trinidad and Tobago,2006_Trinidad and Tobago,18460889362.98938,1303478.0,34.764771325818664,13820000.0,13820000.0,..,2.17677969419868,..,69.12446341463415,23.2
2006.0,Yemen,2006_Yemen,19081726103.214478,20661714.0,..,287410000.0,287410000.0,..,1.52160194278785,..,61.73865853658537,53.8
2006.0,Zambia,2006_Zambia,12756957883.932646,11781612.0,14.233456795910834,1467540000.0,1467540000.0,..,3.91831641212745,..,48.58492682926829,72.9
2007.0,Afghanistan,2007_Afghanistan,9843851009.41462,26349243.0,6.937950126575425,4964720000.0,4964720000.0,..,1.09236242035888,..,58.091365853658544,80.1
2007.0,Albania,2007_Albania,10701011524.098206,2940880.0,..,307190000.0,307190000.0,3.26756,2.62917110171856,..,76.4648536585366,16.7
2007.0,Azerbaijan,2007_Azerbaijan,33050343782.7759,8581300.0,..,225210000.0,225210000.0,2.54928,0.980253878702398,15.8,69.756,39.3
2007.0,Burkina Faso,2007_Burkina Faso,6755823932.798567,14235075.0,13.791147932758918,950400000.0,950400000.0,4.59907,4.61193467157958,..,53.61968292682927,79.4
2007.0,Cameroon,2007_Cameroon,20431781120.178547,19097676.0,..,1926290000.0,1926290000.0,3.36625,1.06577664138407,39.9,52.47914634146342,73.3
2007.0,Chad,2007_Chad,8638711756.628183,10694366.0,..,359100000.0,359100000.0,..,0.976358101447588,..,48.42717073170732,98.5
2007.0,Central African Republic,2007_Central African Republic,1698125679.6518774,4106897.0,..,176920000.0,176920000.0,1.31289,2.30674703536254,..,46.09124390243903,108.1
2007.0,Democratic Republic of Congo,2007_Democratic Republic of Congo,16364027646.772434,57187942.0,9.387184481397217,1356710000.0,1356710000.0,..,1.97638371353889,..,48.213512195121965,99.5
2007.0,Republic of the Congo,2007_Republic of the Congo,8394688589.054186,3758858.0,40.60422716400552,118710000.0,118710000.0,..,1.54576413307272,..,55.276170731707325,52.9
2007.0,Côte d'Ivoire,2007_Côte d'Ivoire,20343636058.73297,17949061.0,17.22866670447852,171080000.0,171080000.0,4.41637,1.46774565117071,..,48.27370731707317,84.0
2007.0,Equatorial Guinea,2007_Equatorial Guinea,10201201021.911829,639618.0,47.21784202832257,31360000.0,31360000.0,..,1.62315355367837,..,49.84507317073171,82.2
2007.0,Gabon,2007_Gabon,11570860872.227442,1447388.0,..,51140000.0,51140000.0,..,1.3706772467084,..,60.903731707317085,47.5
2007.0,Ghana,2007_Ghana,24757553101.626564,22525659.0,15.666871862660065,1165210000.0,1165210000.0,5.51986,3.74979449572396,..,59.63785365853659,56.6
2007.0,Guinea,2007_Guinea,4134173271.020838,10046967.0,..,228020000.0,228020000.0,..,1.13282345247676,53.0,53.94370731707318,79.2
2007.0,Guatemala,2007_Guatemala,34113093453.92465,13317931.0,12.645858801955988,454380000.0,454380000.0,3.03874,2.40372768806247,..,70.11926829268295,31.2
2007.0,Indonesia,2007_Indonesia,432216737774.86053,230972808.0,17.622344258805605,903870000.0,903870000.0,3.04425,1.12642589275762,16.6,69.42290243902441,30.9
2007.0,Iraq,2007_Iraq,88837727881.39647,28740630.0,..,9204340000.0,9204340000.0,..,2.56524356140519,22.4,68.85946341463415,31.9
2007.0,Kazakhstan,2007_Kazakhstan,104849886825.5841,15484192.0,..,210820000.0,210820000.0,2.83139,1.78413256430414,12.7,66.5048780487805,24.9
2007.0,Kyrgyz Republic,2007_Kyrgyz Republic,3802566170.815435,5268400.0,20.723230468147122,274450000.0,274450000.0,6.467,3.53000042283894,35.0,67.84634146341465,31.7
2007.0,Liberia,2007_Liberia,739026892.2266786,3522294.0,19.869536622350694,701390000.0,701390000.0,..,2.7680014795741,63.8,57.188219512195126,71.7
2007.0,Madagascar,2007_Madagascar,7342923619.715265,19371023.0,11.890463077492978,894070000.0,894070000.0,3.36988,2.73982841195666,..,62.04800000000001,49.2
2007.0,Mali,2007_Mali,7145394015.231544,12725629.0,17.1380181337694,1018680000.0,1018680000.0,..,3.37628628914336,..,52.45382926829269,90.3
2007.0,Mauritania,2007_Mauritania,2837533270.0921087,3330037.0,..,347230000.0,347230000.0,..,2.53053634040866,..,60.539463414634156,73.2
2007.0,Mongolia,2007_Mongolia,4234894168.1565914,2595068.0,37.58329266202282,238680000.0,238680000.0,4.69013,3.38324262085971,..,66.03743902439025,33.2
2007.0,Mozambique,2007_Mozambique,9192939073.876276,22171404.0,..,1776550000.0,1776550000.0,..,3.51660298409451,..,48.23214634146342,81.5
2007.0,Niger,2007_Niger,4291363546.824791,14197289.0,13.49323567161697,544300000.0,544300000.0,4.02097,2.6628672745694,59.5,55.35314634146342,75.2
2007.0,Nigeria,2007_Nigeria,166451202370.17093,147187353.0,11.144214361754436,1956260000.0,1956260000.0,..,2.37580506563874,..,49.791609756097564,90.8
2007.0,Norway,2007_Norway,393479385840.2045,4709153.0,49.673848715230584,..,..,6.65829,8.0102495398763,..,80.39512195121952,3.0
2007.0,Peru,2007_Peru,102172270670.7725,28328410.0,20.970709473979003,307030000.0,307030000.0,2.49927,2.97410878075929,42.4,73.01487804878049,18.6
2007.0,Sierra Leone,2007_Sierra Leone,2158653216.1733117,5416015.0,8.331619848041141,549780000.0,549780000.0,2.55916,1.62570780497138,..,43.52648780487805,122.2
2007.0,Tanzania,2007_Tanzania,16825547176.056372,41119693.0,..,2821590000.0,2821590000.0,5.24879,3.65248416472411,..,55.98765853658538,49.9
2007.0,Timor-Leste,2007_Timor-Leste,559000000.0,1015482.0,..,278270000.0,278270000.0,..,6.39211578746905,49.9,64.26375609756099,58.7
2007.0,Togo,2007_Togo,2523462648.9838715,5834806.0,16.80893895622684,122420000.0,122420000.0,3.69932,2.14873443812351,..,54.57373170731708,65.3
2007.0,Trinidad and Tobago,2007_Trinidad and Tobago,21830397704.63059,1310040.0,30.43985892970581,20800000.0,20800000.0,..,2.33584637009182,..,69.24402439024391,22.7
2007.0,Yemen,2007_Yemen,25633674563.549282,21182162.0,..,242560000.0,242560000.0,..,1.46278957675538,..,61.93978048780488,51.6
2007.0,Zambia,2007_Zambia,14056878376.099815,12109620.0,14.284099260456268,1007840000.0,1007840000.0,1.51118,3.12999143569746,..,50.098536585365856,69.8
2008.0,Afghanistan,2008_Afghanistan,10190534636.64436,27032197.0,7.988505196466381,4875070000.0,4875070000.0,..,1.85893013483418,36.3,58.60709756097562,78.5
2008.0,Albania,2008_Albania,12881353507.853903,2912559.0,..,363270000.0,363270000.0,..,2.67258799973928,12.4,76.63231707317074,16.0
2008.0,Azerbaijan,2008_Azerbaijan,48852482960.077896,8763400.0,49.30189450185863,235100000.0,235100000.0,2.44093,0.824675486458878,13.2,70.0629268292683,37.2
2008.0,Burkina Faso,2008_Burkina Faso,8350710389.312307,14659646.0,12.938296754532432,1001160000.0,1001160000.0,..,5.0650639776239,..,54.09419512195122,76.0
2008.0,Cameroon,2008_Cameroon,23322256428.01246,19595026.0,..,548590000.0,548590000.0,2.90538,1.03101708427024,..,52.855829268292695,70.8
2008.0,Chad,2008_Chad,10351933631.718803,11030628.0,..,421720000.0,421720000.0,..,0.770157190709135,..,48.85717073170733,97.1
2008.0,Central African Republic,2008_Central African Republic,1985370254.9617152,4185106.0,9.39404935878296,257279999.99999997,257279999.99999997,1.29002,2.29298678594895,62.0,46.72912195121952,106.6
2008.0,Democratic Republic of Congo,2008_Democratic Republic of Congo,19206015304.782166,58819038.0,11.838614678185728,1765970000.0,1765970000.0,..,3.45431633448821,..,48.43958536585367,97.1
2008.0,Republic of the Congo,2008_Republic of the Congo,11859015180.940172,3876475.0,48.22447714435121,485000000.0,485000000.0,..,1.23859287277004,..,55.93404878048781,48.8
2008.0,Côte d'Ivoire,2008_Côte d'Ivoire,24224905503.655437,18260044.0,16.83815693894934,625670000.0,625670000.0,4.60299,1.5815501335938,42.7,48.78663414634147,81.5
2008.0,Equatorial Guinea,2008_Equatorial Guinea,15439740345.257473,658025.0,44.13925919978711,32080000.0,32080000.0,..,1.79102159683069,..,50.395731707317076,80.1
2008.0,Gabon,2008_Gabon,15685389826.888157,1482843.0,..,62050000.0,62050000.0,..,1.0609375443577,..,61.38570731707318,45.9
2008.0,Ghana,2008_Ghana,28528014620.73538,23110139.0,15.694153475916938,1306930000.0,1306930000.0,5.75796,3.24308487203825,..,60.029951219512206,56.1
2008.0,Guinea,2008_Guinea,4515824643.350466,10314678.0,..,328300000.0,328300000.0,2.43837,1.32519837656068,..,54.47843902439025,76.5
2008.0,Guatemala,2008_Guatemala,39136507936.50794,13648307.0,11.858303590741942,536030000.0,536030000.0,3.18454,2.39766249875368,..,70.38914634146343,30.2
2008.0,Indonesia,2008_Indonesia,510244548959.9697,234243489.0,19.476767904967804,1230620000.0,1230620000.0,2.9019,1.00579761756999,15.4,69.68529268292683,29.7
2008.0,Iraq,2008_Iraq,131611819294.27542,29429829.0,..,9884470000.0,9884470000.0,..,2.90746904460599,..,68.73468292682928,31.3
2008.0,Kazakhstan,2008_Kazakhstan,133441612246.79799,15674000.0,..,335410000.0,335410000.0,2.58946,2.26257916083673,12.1,67.0219512195122,23.0
2008.0,Kyrgyz Republic,2008_Kyrgyz Republic,5139957784.91084,5318700.0,20.12950823945074,359830000.0,359830000.0,5.91319,3.12832460955785,31.7,68.45121951219512,30.2
2008.0,Liberia,2008_Liberia,850040458.8396313,3672714.0,23.6699022861404,1250990000.0,1250990000.0,3.26127,3.90225379452023,..,58.107487804878055,67.3
2008.0,Madagascar,2008_Madagascar,9413002737.305784,19926785.0,14.161521399992449,842550000.0,842550000.0,2.91619,2.22259746360179,..,62.474756097560984,47.0
2008.0,Mali,2008_Mali,8737687352.700788,13138299.0,15.52074586946456,964090000.0,964090000.0,3.81687,3.13570692885092,..,52.90324390243903,87.6
2008.0,Mauritania,2008_Mauritania,3585284791.604482,3422901.0,..,452160000.0,452160000.0,3.77793,2.2403981264637,42.0,60.69751219512196,72.2
2008.0,Mongolia,2008_Mongolia,5623236707.5247135,2632834.0,30.815973634446685,246660000.0,246660000.0,..,3.93246392639308,..,66.35712195121953,31.7
2008.0,Mozambique,2008_Mozambique,11026247458.238766,22762525.0,..,1996380000.0,1996380000.0,..,2.91232563368067,..,48.493829268292686,78.1
2008.0,Niger,2008_Niger,5403364453.527771,14737895.0,..,612290000.0,612290000.0,3.66293,2.69587233950224,..,55.92539024390245,71.9
2008.0,Nigeria,2008_Nigeria,208064724514.15082,151208080.0,12.9473682123635,1290160000.0,1290160000.0,..,2.37477258850602,..,50.329390243902445,87.7
2008.0,Norway,2008_Norway,453885460992.90784,4768212.0,51.11734222321531,..,..,6.40105,7.61369327250837,..,80.59268292682928,2.9
2008.0,Peru,2008_Peru,121571548180.02281,28625628.0,20.973667240502653,463020000.0,463020000.0,2.67419,3.58181189055726,37.3,73.30729268292683,17.4
2008.0,Sierra Leone,2008_Sierra Leone,2505620416.4953,5532139.0,8.85472843590199,378210000.0,378210000.0,2.41421,1.7569192938906,..,44.067463414634155,119.6
2008.0,Tanzania,2008_Tanzania,20715086118.935932,42353790.0,..,2331460000.0,2331460000.0,5.4343,3.36866193638735,..,57.09717073170733,46.8
2008.0,Timor-Leste,2008_Timor-Leste,694000000.0,1032182.0,..,277540000.0,277540000.0,8.10435,7.20465117593985,..,64.82792682926829,56.0
2008.0,Togo,2008_Togo,3163416556.053773,5987491.0,15.569510210634743,330070000.0,330070000.0,3.44204,2.41029256256609,..,54.843195121951226,63.6
2008.0,Trinidad and Tobago,2008_Trinidad and Tobago,28165793617.63666,1316449.0,33.65440677289246,9290000.0,9290000.0,..,2.13078878549033,..,69.36436585365855,22.1
2008.0,Yemen,2008_Yemen,30397203368.97253,21703571.0,..,429610000.0,429610000.0,5.15131,1.56501832658116,..,62.13782926829269,49.5
2008.0,Zambia,2008_Zambia,17911046608.557137,12456527.0,15.013902187505693,1116240000.0,1116240000.0,1.34536,3.58081507496326,..,51.62214634146342,67.3
2009.0,Afghanistan,2009_Afghanistan,12486950468.17728,27708187.0,10.516781151629283,6235260000.0,6235260000.0,..,1.84028170569127,..,59.11234146341464,76.9
2009.0,Albania,2009_Albania,12044208085.864004,2884303.0,..,356960000.0,356960000.0,..,2.82334301905265,..,76.8018780487805,15.4
2009.0,Azerbaijan,2009_Azerbaijan,44291490420.50262,8947243.0,40.88985014676348,231770000.0,231770000.0,3.22431,1.3389697208022,10.9,70.29265853658538,35.4
2009.0,Burkina Faso,2009_Burkina Faso,8348156389.076937,15094967.0,13.675978338358425,1082820000.0,1082820000.0,..,3.59516076890558,46.7,54.55768292682928,72.8
2009.0,Cameroon,2009_Cameroon,23381142604.436356,20103945.0,..,648340000.0,648340000.0,3.64993,1.35211807028361,..,53.26485365853659,68.7
2009.0,Chad,2009_Chad,9253484289.674335,11371325.0,..,560730000.0,560730000.0,2.31174,0.964715030886065,..,49.30753658536586,95.4
2009.0,Central African Republic,2009_Central African Republic,1981728179.4988189,4266247.0,9.466145767172783,242030000.0,242030000.0,1.30356,1.49715873852655,..,47.404926829268305,104.7
2009.0,Democratic Republic of Congo,2009_Democratic Republic of Congo,18262675199.101006,60486276.0,14.231813157824751,2356850000.0,2356850000.0,..,3.85172438813188,..,48.697804878048785,94.7
2009.0,Republic of the Congo,2009_Republic of the Congo,9593536719.073114,3995146.0,..,283280000.0,283280000.0,..,1.14114181926717,..,56.58448780487805,45.1
2009.0,Côte d'Ivoire,2009_Côte d'Ivoire,24277494337.40037,18601342.0,16.108547839638852,2401600000.0,2401600000.0,..,1.78782081205411,..,49.25682926829269,79.3
2009.0,Equatorial Guinea,2009_Equatorial Guinea,9364826470.142872,676851.0,53.55309135181779,31490000.0,31490000.0,..,4.02272608263676,..,50.96536585365854,77.7
2009.0,Gabon,2009_Gabon,12031268402.38771,1519155.0,..,77210000.0,77210000.0,..,1.55790599789548,..,61.852707317073175,44.6
2009.0,Ghana,2009_Ghana,25978508375.92277,23691533.0,15.418098622920914,1581820000.0,1581820000.0,5.31729,2.9557013859557,..,60.35102439024391,55.6
2009.0,Guinea,2009_Guinea,4609923720.177951,10593248.0,..,214340000.0,214340000.0,3.21608,1.7468988943587,..,54.93187804878049,73.9
2009.0,Guatemala,2009_Guatemala,37733655165.65379,13988988.0,10.87079264847857,375580000.0,375580000.0,..,2.55936845099436,..,70.6810487804878,29.3
2009.0,Indonesia,2009_Indonesia,539579955780.06226,237486894.0,15.375024136545859,1046530000.0,1046530000.0,3.52513,1.01954941556348,14.2,69.93309756097563,28.6
2009.0,Iraq,2009_Iraq,111660855042.73505,30163199.0,..,2791100000.0,2791100000.0,..,3.45308147145571,..,68.72795121951222,30.7
2009.0,Kazakhstan,2009_Kazakhstan,115308661142.92726,16092701.0,..,297500000.0,297500000.0,3.06072,2.65111922889745,8.2,68.42926829268293,21.1
2009.0,Kyrgyz Republic,2009_Kyrgyz Republic,4690062255.122471,5383300.0,18.787700604652848,313360000.0,313360000.0,6.23268,3.78535256904032,31.7,69.10243902439026,28.5
2009.0,Liberia,2009_Liberia,1155146229.7859976,3821440.0,..,512570000.00000006,512570000.00000006,..,3.33555503970467,..,58.859195121951224,63.5
2009.0,Madagascar,2009_Madagascar,8550363829.096049,20495695.0,9.864140912547759,443960000.0,443960000.0,3.16301,2.19958676932819,..,62.90765853658537,45.2
2009.0,Mali,2009_Mali,8964480570.325212,13559296.0,17.127316329560983,984390000.0,984390000.0,4.39837,3.14899206456079,..,53.342195121951235,85.2
2009.0,Mauritania,2009_Mauritania,3027020496.1927204,3516077.0,..,373470000.0,373470000.0,..,3.37204830645271,..,60.859439024390255,71.2
2009.0,Mongolia,2009_Mongolia,4583834427.3647375,2672223.0,26.831178133413957,371220000.0,371220000.0,5.14485,3.89238695079604,..,66.64121951219514,30.4
2009.0,Mozambique,2009_Mozambique,10726631099.557865,23361025.0,..,2012400000.0,2012400000.0,..,2.78671214403504,54.7,48.799439024390246,74.3
2009.0,Niger,2009_Niger,5397121962.024248,15302948.0,..,469290000.0,469290000.0,4.52603,2.68905547197229,..,56.46821951219513,68.8
2009.0,Nigeria,2009_Nigeria,169481270114.98428,155381020.0,10.472713995332148,1657070000.0,1657070000.0,..,2.14116684102406,..,50.830487804878054,84.7
2009.0,Norway,2009_Norway,378849191624.702,4828726.0,48.17342685522157,..,..,7.24098,8.52287466471899,..,80.79512195121951,2.7
2009.0,Peru,2009_Peru,121200381042.49667,28934303.0,18.903877723521582,441170000.0,441170000.0,2.91684,3.08256969434165,33.5,73.60368292682928,16.2
2009.0,Sierra Leone,2009_Sierra Leone,2453972925.4943657,5641182.0,9.02848468040348,448260000.0,448260000.0,2.77743,2.17353563981801,..,44.50143902439025,116.9
2009.0,Tanzania,2009_Tanzania,21368165683.254303,43639752.0,16.465020179836905,2933150000.0,2933150000.0,5.34629,3.65331324112303,..,58.1759512195122,44.1
2009.0,Timor-Leste,2009_Timor-Leste,818000000.0,1049156.0,..,216440000.0,216440000.0,11.34547,5.43649283085903,..,65.388,53.6
2009.0,Togo,2009_Togo,3163000590.662984,6144457.0,16.95030262703335,498520000.0,498520000.0,4.11576,3.27871157838345,..,55.14390243902439,62.0
2009.0,Trinidad and Tobago,2009_Trinidad and Tobago,19332270662.309715,1322518.0,34.28360584098086,6840000.0,6840000.0,..,2.93881034256724,..,69.48248780487805,21.4
2009.0,Yemen,2009_Yemen,27838718233.1099,22229625.0,..,557850000.0,557850000.0,..,1.33669780443996,..,62.33378048780488,47.5
2009.0,Zambia,2009_Zambia,15328314220.185898,12825031.0,13.054265273784175,1267060000.0,1267060000.0,..,3.56027353956492,..,53.11336585365855,64.8
2010.0,Afghanistan,2010_Afghanistan,15936784437.224018,28397812.0,11.036184539599427,6426380000.0,6426380000.0,..,1.80554352196519,..,59.60009756097562,75.3
2010.0,Albania,2010_Albania,11926957254.628792,2856673.0,..,340700000.0,340700000.0,..,2.51171112887435,..,76.97851219512195,14.8
2010.0,Azerbaijan,2010_Azerbaijan,52902703376.105644,9054332.0,46.82891793241493,159110000.0,159110000.0,2.78062,1.16802072294831,9.1,70.45029268292683,33.8
2010.0,Burkina Faso,2010_Burkina Faso,9209288383.08711,15540284.0,14.936569973414764,1062339999.9999999,1062339999.9999999,3.84087,4.07618278329102,..,55.00675609756098,70.0
2010.0,Cameroon,2010_Cameroon,23622482954.803967,20624343.0,..,540500000.0,540500000.0,3.47951,1.58362844660621,..,53.694829268292686,66.0
2010.0,Chad,2010_Chad,10657705072.288368,11720781.0,..,486040000.0,486040000.0,1.98194,0.996003148392908,..,49.76985365853659,93.7
2010.0,Central African Republic,2010_Central African Republic,1986014759.1978452,4349921.0,9.923648885409015,261010000.0,261010000.0,1.20455,1.94208004327162,..,48.09873170731708,102.7
2010.0,Democratic Republic of Congo,2010_Democratic Republic of Congo,21561941369.36278,62191161.0,14.268142471174643,3486160000.0,3486160000.0,2.50307,3.19237832946193,..,48.987682926829265,92.4
2010.0,Republic of the Congo,2010_Republic of the Congo,12007880067.439547,4111715.0,..,1311500000.0,1311500000.0,6.22079,1.38657897129692,..,57.2040243902439,42.0
2010.0,Côte d'Ivoire,2010_Côte d'Ivoire,24884503950.68139,18976588.0,15.793847861732877,844960000.0,844960000.0,..,1.81977650546064,..,49.67529268292683,76.9
2010.0,Equatorial Guinea,2010_Equatorial Guinea,11582917790.30464,696167.0,..,84710000.0,84710000.0,..,2.88337468604301,..,51.53307317073171,75.6
2010.0,Gabon,2010_Gabon,14569527124.619944,1556222.0,..,104000000.0,104000000.0,..,1.63579870452715,..,62.28975609756099,43.2
2010.0,Ghana,2010_Ghana,32174839712.793278,24262901.0,16.691211237321635,1692540000.0,1692540000.0,5.5406,3.09697739170507,..,60.59956097560976,55.0
2010.0,Guinea,2010_Guinea,4735956475.833823,10876033.0,..,217700000.0,217700000.0,3.69186,2.01176888989623,..,55.29800000000001,71.4
2010.0,Guatemala,2010_Guatemala,41337958251.63196,14341576.0,11.070848524418105,393520000.0,393520000.0,2.80306,2.38958453350417,..,70.9959756097561,28.4
2010.0,Indonesia,2010_Indonesia,709190823319.7539,240676485.0,..,1392510000.0,1392510000.0,2.9943,1.09986672817305,13.3,70.16785365853659,27.4
2010.0,Iraq,2010_Iraq,138516722649.57266,30962380.0,..,2191630000.0,2191630000.0,..,2.31245689505762,..,68.82975609756097,30.1
2010.0,Kazakhstan,2010_Kazakhstan,148047348240.64334,16321581.0,..,223930000.0,223930000.0,..,2.52721812643725,6.5,68.29536585365854,19.3
2010.0,Kyrgyz Republic,2010_Kyrgyz Republic,4794357795.071392,5447900.0,19.422486253756762,380370000.0,380370000.0,5.81883,3.71014071852211,33.7,69.30000000000001,26.7
2010.0,Liberia,2010_Liberia,1292696475.9587305,3957990.0,20.899193520608826,1417010000.0,1417010000.0,..,2.38235465127845,..,59.43431707317074,60.4
2010.0,Madagascar,2010_Madagascar,8729936135.744875,21079532.0,11.230727854385988,470080000.0,470080000.0,..,2.2306930490902,75.3,63.34973170731708,43.6
2010.0,Mali,2010_Mali,9422267259.989397,13985961.0,17.278883778611583,1088620000.0,1088620000.0,4.30656,2.80329011738641,43.6,53.77073170731708,83.1
2010.0,Mauritania,2010_Mauritania,3526947608.8832636,3609420.0,..,374400000.0,374400000.0,4.25851,3.893598153168,..,61.02324390243903,70.2
2010.0,Mongolia,2010_Mongolia,6200357070.114797,2712738.0,33.6578389234308,302760000.0,302760000.0,5.38598,3.89617709381407,38.7,66.89460975609757,29.3
2010.0,Mozambique,2010_Mozambique,10165353591.167343,23967265.0,17.872038962505606,1951530000.0,1951530000.0,..,3.29299296424063,..,49.13707317073171,71.8
2010.0,Niger,2010_Niger,5718589550.163487,15893746.0,..,744520000.0,744520000.0,3.73339,2.34082561089725,..,56.98563414634147,66.1
2010.0,Nigeria,2010_Nigeria,369062403181.9447,159707780.0,5.569201700204518,2061960000.0,2061960000.0,..,1.46661178628433,46.0,51.289414634146354,81.9
2010.0,Norway,2010_Norway,420945705225.4237,4889252.0,47.789814429780535,..,..,6.87153,8.5189520278147,..,80.99756097560977,2.6
2010.0,Peru,2010_Peru,148522810971.50192,29262830.0,20.145402042179157,-255920000.0,-255920000.0,2.68876,2.74330496083954,30.8,73.90509756097562,15.2
2010.0,Sierra Leone,2010_Sierra Leone,2578159495.5592995,5751976.0,9.824607829312805,466850000.0,466850000.0,2.59122,2.36729679571182,..,44.8389512195122,114.4
2010.0,Tanzania,2010_Tanzania,22915004589.311516,44973330.0,17.249346130305838,2958180000.0,2958180000.0,6.1812,2.81708316986482,..,59.181707317073176,41.4
2010.0,Timor-Leste,2010_Timor-Leste,934000000.0,1066409.0,..,291500000.0,291500000.0,10.48378,4.2899097246029,..,65.94446341463416,51.5
2010.0,Togo,2010_Togo,3172945506.356974,6306014.0,17.4439588146768,404040000.0,404040000.0,4.4232,3.42368503052994,..,55.46887804878049,60.5
2010.0,Trinidad and Tobago,2010_Trinidad and Tobago,20758191857.981426,1328095.0,35.455266086373264,4330000.0,4330000.0,..,2.92729152254485,..,69.59736585365854,20.8
2010.0,Yemen,2010_Yemen,31743751169.317116,22763008.0,..,664230000.0,664230000.0,..,1.28851906737729,..,62.52765853658538,45.5
2010.0,Zambia,2010_Zambia,20265396325.594734,13216985.0,13.919701448081323,914370000.0,914370000.0,..,3.71833740378016,60.5,54.52756097560977,63.5
2011.0,Afghanistan,2011_Afghanistan,17870159081.787025,29105480.0,11.429836990904029,6884700000.0,6884700000.0,..,1.6025985835149,35.8,60.06536585365854,73.6
2011.0,Albania,2011_Albania,12890866742.653254,2829337.0,..,350750000.0,350750000.0,..,2.88998678110048,..,77.16321951219513,14.2
2011.0,Azerbaijan,2011_Azerbaijan,65951627200.202614,9173082.0,45.48135632272186,286410000.0,286410000.0,2.43564,1.08098767328444,7.6,70.55129268292684,32.4
2011.0,Burkina Faso,2011_Burkina Faso,10395757480.230143,15995313.0,16.17839328923581,995120000.0,995120000.0,3.42701,3.15267928122727,..,55.44048780487805,67.7
2011.0,Cameroon,2011_Cameroon,26587310733.57377,21156272.0,..,611840000.0,611840000.0,3.18472,1.85908388132541,..,54.137365853658544,64.3
2011.0,Chad,2011_Chad,12156380062.047134,12080037.0,..,460190000.0,460190000.0,2.2579,0.840526903674544,46.7,50.236195121951226,91.9
2011.0,Central African Republic,2011_Central African Republic,2195599491.1697845,4436217.0,9.564945013315274,268760000.0,268760000.0,1.21913,1.99466281584638,..,48.79304878048781,100.1
2011.0,Democratic Republic of Congo,2011_Democratic Republic of Congo,25835398967.34205,63931512.0,..,5534410000.0,5534410000.0,..,3.08341574256839,..,49.300707317073176,90.2
2011.0,Republic of the Congo,2011_Republic of the Congo,14425606793.365059,4225359.0,..,259790000.00000003,259790000.00000003,..,1.68460006381244,46.5,57.77521951219513,39.4
2011.0,Côte d'Ivoire,2011_Côte d'Ivoire,25381617035.70116,19389954.0,12.503919059676164,1436000000.0,1436000000.0,..,1.66158882694694,..,50.047560975609755,75.2
2011.0,Equatorial Guinea,2011_Equatorial Guinea,15725711943.06602,715996.0,..,24300000.0,24300000.0,..,2.42738211447974,..,52.08490243902439,73.4
2011.0,Gabon,2011_Gabon,18796191833.08507,1594034.0,..,72550000.0,72550000.0,..,1.80012566944716,..,62.69334146341463,41.6
2011.0,Ghana,2011_Ghana,39564771637.397896,24820706.0,19.371817114150062,1810220000.0,1810220000.0,8.14097,2.94442981546825,..,60.78858536585366,54.2
2011.0,Guinea,2011_Guinea,5067360041.104045,11161530.0,..,204490000.0,204490000.0,3.06283,1.45413775188702,..,55.590195121951226,69.0
2011.0,Guatemala,2011_Guatemala,47654841112.852264,14706578.0,11.399262010775933,387910000.0,387910000.0,2.91804,2.38298207404742,53.7,71.32790243902438,27.5
2011.0,Indonesia,2011_Indonesia,845931645338.6951,243801639.0,..,419270000.0,419270000.0,2.76704,1.08560021804934,12.5,70.39156097560976,26.4
2011.0,Iraq,2011_Iraq,185749664444.44446,31760020.0,..,1908080000.0,1908080000.0,..,2.05291558810249,..,69.01578048780489,29.4
2011.0,Kazakhstan,2011_Kazakhstan,188048960311.2246,16556600.0,..,215510000.0,215510000.0,..,2.27155273982134,5.5,68.98,17.6
2011.0,Kyrgyz Republic,2011_Kyrgyz Republic,6197766118.598557,5514600.0,21.07396540637388,525030000.0,525030000.0,6.79062,3.7010895697387,36.8,69.60243902439025,24.9
2011.0,Liberia,2011_Liberia,1537753884.5750225,4079697.0,20.78667589061721,764840000.0,764840000.0,..,4.63136628714304,..,59.859878048780494,57.9
2011.0,Madagascar,2011_Madagascar,9892702357.566906,21678934.0,10.277630795353078,443270000.0,443270000.0,2.77576,2.29672457309625,..,63.7989024390244,42.2
2011.0,Mali,2011_Mali,10647545670.176308,14416737.0,16.013378845595014,1280610000.0,1280610000.0,4.79587,2.9697002282442,..,54.190829268292696,81.1
2011.0,Mauritania,2011_Mauritania,4136083638.098267,3702763.0,..,382210000.0,382210000.0,3.69005,3.84436183686054,..,61.1869512195122,69.2
2011.0,Mongolia,2011_Mongolia,8761426370.558775,2754209.0,33.972503336239335,350600000.0,350600000.0,5.47617,3.77699524034725,33.7,67.12470731707317,28.2
2011.0,Mozambique,2011_Mozambique,13244880034.848072,24581367.0,20.634115775643156,2084980000.0,2084980000.0,..,2.79786408930903,..,49.48782926829269,67.8
2011.0,Niger,2011_Niger,6409169698.106949,16511462.0,..,649500000.0,649500000.0,4.20542,2.27088954854554,..,57.482634146341475,63.7
2011.0,Nigeria,2011_Nigeria,411743801711.642,164192925.0,5.577323238742926,1768550000.0,1768550000.0,..,1.94342771987163,..,51.71024390243903,79.2
2011.0,Norway,2011_Norway,490806911071.2771,4953088.0,49.21694937435927,..,..,..,8.45908094399816,..,81.2951219512195,2.5
2011.0,Peru,2011_Peru,170564249004.95398,29614887.0,20.943982120853647,604820000.0,604820000.0,2.53117,2.69903692692998,27.8,74.21053658536586,14.3
2011.0,Sierra Leone,2011_Sierra Leone,2925391429.798323,5865491.0,11.49178394884847,425300000.0,425300000.0,2.67236,2.64095202525579,52.9,45.10258536585366,112.0
2011.0,Tanzania,2011_Tanzania,23874165023.892677,46354607.0,18.719239271817237,2445770000.0,2445770000.0,..,2.75873337894391,..,60.074658536585375,39.2
2011.0,Timor-Leste,2011_Timor-Leste,1123000000.0,1120392.0,..,279260000.0,279260000.0,9.41868,3.50119156736939,..,66.49180487804878,49.6
2011.0,Togo,2011_Togo,3756023047.790994,6472304.0,17.865082320547977,542730000.0,542730000.0,4.52163,4.18461529758926,58.7,55.80765853658537,59.0
2011.0,Trinidad and Tobago,2011_Trinidad and Tobago,23676348287.27895,1333082.0,..,..,..,..,2.61229394934736,..,69.70856097560977,20.2
2011.0,Yemen,2011_Yemen,29207296703.296703,23304206.0,..,476120000.0,476120000.0,..,1.33532427959887,..,62.71848780487806,43.7
2011.0,Zambia,2011_Zambia,23731894786.497993,13633796.0,17.286030665418682,1035060000.0,1035060000.0,..,3.92240541573761,..,55.83314634146342,59.3
2012.0,Afghanistan,2012_Afghanistan,20506795254.488354,29824536.0,9.888084456554438,6725030000.0,6725030000.0,..,1.79879434579126,..,60.50912195121952,72.0
2012.0,Albania,2012_Albania,12344529628.061665,2801681.0,..,341620000.0,341620000.0,..,2.84316293551472,14.3,77.35046341463415,13.8
2012.0,Azerbaijan,2012_Azerbaijan,68730906313.64563,9295784.0,41.84628206315399,337610000.0,337610000.0,..,1.22738957310862,6.0,70.62495121951221,31.1
2012.0,Burkina Faso,2012_Burkina Faso,10726305449.611792,16460141.0,18.23961667800074,1158540000.0,1158540000.0,..,3.35154676933048,..,55.86202439024391,65.7
2012.0,Cameroon,2012_Cameroon,26472054176.16637,21699631.0,..,596240000.0,596240000.0,3.10012,1.71938325031211,..,54.58751219512196,62.4
2012.0,Chad,2012_Chad,12887072081.636263,12448175.0,..,478590000.0,478590000.0,..,0.878572136383644,..,50.70058536585366,90.2
2012.0,Central African Republic,2012_Central African Republic,2169706411.477991,4525209.0,11.05370670914079,227250000.0,227250000.0,..,1.86696286995879,..,49.475390243902446,97.9
2012.0,Democratic Republic of Congo,2012_Democratic Republic of Congo,29306222815.632816,65705093.0,..,2859380000.0,2859380000.0,..,2.86869605347639,..,49.62326829268293,88.1
2012.0,Republic of the Congo,2012_Republic of the Congo,13677929161.714231,4337051.0,..,138600000.0,138600000.0,..,2.33824628006772,..,58.29656097560976,37.3
2012.0,Côte d'Ivoire,2012_Côte d'Ivoire,27098590232.320923,19839750.0,16.22531603408353,2635630000.0,2635630000.0,..,1.94158637361151,..,50.401731707317076,73.2
2012.0,Equatorial Guinea,2012_Equatorial Guinea,16496531232.99827,736296.0,..,14200000.0,14200000.0,..,2.57044205634267,..,52.612902439024396,71.3
2012.0,Gabon,2012_Gabon,17843815459.30054,1632572.0,..,73200000.0,73200000.0,..,1.77707335739729,..,63.073926829268295,40.0
2012.0,Ghana,2012_Ghana,41740926505.1183,25366462.0,..,1807910000.0,1807910000.0,..,2.95549898126757,24.2,60.947121951219515,53.3
2012.0,Guinea,2012_Guinea,5651088170.28606,11451273.0,..,339650000.0,339650000.0,2.47139,1.77206640601468,55.2,55.84465853658537,67.0
2012.0,Guatemala,2012_Guatemala,50388454861.111115,15082831.0,11.469881617564722,299430000.0,299430000.0,..,2.40288760134638,..,71.6638536585366,26.6
2012.0,Indonesia,2012_Indonesia,876719347689.155,246864191.0,..,67810000.0,67810000.0,3.56204,1.1997963501873,12.0,70.60724390243904,25.4
2012.0,Iraq,2012_Iraq,216044306775.30017,32578209.0,..,1300790000.0,1300790000.0,..,1.92174579901219,18.9,69.24192682926831,28.8
2012.0,Kazakhstan,2012_Kazakhstan,203517198088.6914,16791425.0,..,129639999.99999999,129639999.99999999,..,2.41844842028127,3.8,69.61,16.0
2012.0,Kyrgyz Republic,2012_Kyrgyz Republic,6605139933.410631,5607200.0,23.15522272106955,472910000.0,472910000.0,..,4.28173115477247,38.0,70.00243902439024,23.2
2012.0,Liberia,2012_Liberia,1733828404.7414153,4190435.0,24.83990315581153,570970000.0,570970000.0,2.82069,4.62781420907331,..,60.20639024390245,55.6
2012.0,Madagascar,2012_Madagascar,9919780221.931982,22293914.0,..,378690000.0,378690000.0,2.71701,2.49793804749026,..,64.24863414634147,40.8
2012.0,Mali,2012_Mali,10340794110.136602,14853572.0,16.598077456368852,1001300000.0,1001300000.0,..,2.26924592380932,..,54.603926829268296,79.4
2012.0,Mauritania,2012_Mauritania,3958702640.0782146,3796141.0,..,408310000.0,408310000.0,..,4.08353214281404,..,61.35060975609756,68.2
2012.0,Mongolia,2012_Mongolia,10321968594.779902,2796484.0,30.50905263758151,448780000.0,448780000.0,..,3.96638953229704,27.4,67.33943902439024,27.2
2012.0,Mozambique,2012_Mozambique,14952946846.345062,25203395.0,22.89212727754235,2096920000.0,2096920000.0,..,2.84236277037258,..,49.83626829268294,63.6
2012.0,Niger,2012_Niger,6611341028.9871645,17157042.0,..,901870000.0,901870000.0,4.43567,2.84491684330776,..,57.96617073170732,61.6
2012.0,Nigeria,2012_Nigeria,462979245902.41315,168833776.0,4.999612256977067,1915820000.0,1915820000.0,..,1.88916739027308,..,52.10902439024391,76.6
2012.0,Norway,2012_Norway,500029909755.04944,5018573.0,49.1143804375776,..,..,..,7.66523708956099,..,81.45121951219514,2.3
2012.0,Peru,2012_Peru,192628494178.35443,29987800.0,21.51075476621884,393820000.0,393820000.0,2.76046,2.98654141864909,25.8,74.51553658536585,13.6
2012.0,Sierra Leone,2012_Sierra Leone,3529350504.3838177,5978727.0,12.21987371084393,442820000.0,442820000.0,2.87645,2.4994631528346,..,45.32904878048782,109.6
2012.0,Tanzania,2012_Tanzania,28248632095.687702,47783107.0,17.321821852641847,2831890000.0,2831890000.0,..,2.75031026480983,28.2,60.84643902439025,37.7
2012.0,Timor-Leste,2012_Timor-Leste,1270000000.0,1148958.0,..,283070000.0,283070000.0,..,3.16461669374178,..,67.02058536585366,47.9
2012.0,Togo,2012_Togo,3915754216.2066875,6642928.0,18.586970065516155,241460000.0,241460000.0,..,4.44149981989326,..,56.15034146341464,57.4
2012.0,Trinidad and Tobago,2012_Trinidad and Tobago,23436342519.932198,1337439.0,..,..,..,..,2.74057753322695,..,69.81714634146343,19.6
2012.0,Yemen,2012_Yemen,31992801302.931595,23852409.0,..,709390000.0,709390000.0,..,1.51203161638402,..,62.90578048780488,42.0
2012.0,Zambia,2012_Zambia,24939543374.136166,14075099.0,..,957720000.0,957720000.0,..,4.19512038495371,..,57.022585365853665,57.1
2013.0,Afghanistan,2013_Afghanistan,20309671014.623577,30551674.0,..,..,..,..,..,..,..,70.2
2013.0,Albania,2013_Albania,12923240278.341646,2773620.0,..,..,..,..,..,..,..,13.3
2013.0,Azerbaijan,2013_Azerbaijan,73560484384.95857,9416598.0,..,..,..,..,..,5.3,..,29.9
2013.0,Burkina Faso,2013_Burkina Faso,11582556068.334547,16934839.0,..,..,..,..,..,..,..,64.1
2013.0,Cameroon,2013_Cameroon,29567504655.49348,22253959.0,..,..,..,..,..,..,..,60.8
2013.0,Chad,2013_Chad,13513552424.904865,12825314.0,..,..,..,..,..,..,..,88.5
2013.0,Central African Republic,2013_Central African Republic,1538175744.0777485,4616417.0,..,..,..,..,..,..,..,96.1
2013.0,Democratic Republic of Congo,2013_Democratic Republic of Congo,32690896872.764435,67513677.0,..,..,..,..,..,..,..,86.1
2013.0,Republic of the Congo,2013_Republic of the Congo,14085852120.476074,4447632.0,..,..,..,..,..,..,..,35.6
2013.0,Côte d'Ivoire,2013_Côte d'Ivoire,31062026533.150764,20316086.0,..,..,..,..,..,..,..,71.3
2013.0,Equatorial Guinea,2013_Equatorial Guinea,15580563835.924215,757014.0,..,..,..,..,..,..,..,69.3
2013.0,Gabon,2013_Gabon,19343506598.65598,1671711.0,..,..,..,..,..,..,..,39.1
2013.0,Ghana,2013_Ghana,48137027487.17949,25904598.0,..,..,..,..,..,..,..,52.3
2013.0,Guinea,2013_Guinea,6144131903.013833,11745189.0,..,..,..,..,..,..,..,64.9
2013.0,Guatemala,2013_Guatemala,53796709474.59525,15468203.0,..,..,..,..,..,..,..,25.8
2013.0,Indonesia,2013_Indonesia,868345652474.8978,249865631.0,..,..,..,..,..,11.4,..,24.5
2013.0,Iraq,2013_Iraq,229327284734.1338,33417476.0,..,..,..,..,..,..,..,28.0
2013.0,Kazakhstan,2013_Kazakhstan,231876282133.87042,17037508.0,..,..,..,..,..,2.9,..,14.6
2013.0,Kyrgyz Republic,2013_Kyrgyz Republic,7226303261.275731,5719500.0,..,..,..,..,..,..,..,21.6
2013.0,Liberia,2013_Liberia,1950960137.7301018,4294077.0,..,..,..,..,..,..,..,53.6
2013.0,Madagascar,2013_Madagascar,10613494031.383247,22924851.0,..,..,..,..,..,..,..,39.6
2013.0,Mali,2013_Mali,10942727309.529593,15301650.0,17.817853572184987,..,..,..,..,..,..,77.6
2013.0,Mauritania,2013_Mauritania,4158182904.2454085,3889880.0,..,..,..,..,..,..,..,67.1
2013.0,Mongolia,2013_Mongolia,11516409581.29885,2839073.0,..,..,..,..,..,..,..,26.4
2013.0,Mozambique,2013_Mozambique,15630302813.953487,25833752.0,..,..,..,..,..,..,..,61.5
2013.0,Niger,2013_Niger,7407418427.65768,17831270.0,..,..,..,..,..,..,..,59.9
2013.0,Nigeria,2013_Nigeria,521803314653.78424,173615345.0,..,..,..,..,..,..,..,74.3
2013.0,Norway,2013_Norway,512580425531.9149,5084190.0,..,..,..,..,..,..,..,2.3
2013.0,Peru,2013_Peru,202349846974.37076,30375603.0,..,..,..,..,..,23.9,..,12.9
2013.0,Sierra Leone,2013_Sierra Leone,4136280752.03693,6092075.0,..,..,..,..,..,..,..,107.2
2013.0,Tanzania,2013_Tanzania,33225037489.690334,49253126.0,..,..,..,..,..,..,..,36.4
2013.0,Timor-Leste,2013_Timor-Leste,..,1178252.0,..,..,..,..,..,..,..,46.2
2013.0,Togo,2013_Togo,4338575823.819934,6816982.0,..,..,..,..,..,..,..,55.8
2013.0,Trinidad and Tobago,2013_Trinidad and Tobago,24640839007.591766,1341151.0,..,..,..,..,..,..,..,19.0
2013.0,Yemen,2013_Yemen,35954502303.50412,24407381.0,..,..,..,..,..,..,..,40.4
2013.0,Zambia,2013_Zambia,26820870558.94062,14538640.0,..,..,..,..,..,..,..,55.8
2014.0,Afghanistan,2014_Afghanistan,..,..,..,..,..,..,..,..,..,..
2014.0,Albania,2014_Albania,..,..,..,..,..,..,..,..,..,..
2014.0,Azerbaijan,2014_Azerbaijan,..,..,..,..,..,..,..,..,..,..
2014.0,Burkina Faso,2014_Burkina Faso,..,..,..,..,..,..,..,..,..,..
2014.0,Cameroon,2014_Cameroon,..,..,..,..,..,..,..,..,..,..
2014.0,Chad,2014_Chad,..,..,..,..,..,..,..,..,..,..
2014.0,Central African Republic,2014_Central African Republic,..,..,..,..,..,..,..,..,..,..
2014.0,Democratic Republic of Congo,2014_Democratic Republic of Congo,..,..,..,..,..,..,..,..,..,..
2014.0,Republic of the Congo,2014_Republic of the Congo,..,..,..,..,..,..,..,..,..,..
2014.0,Côte d'Ivoire,2014_Côte d'Ivoire,..,..,..,..,..,..,..,..,..,..
2014.0,Equatorial Guinea,2014_Equatorial Guinea,..,..,..,..,..,..,..,..,..,..
2014.0,Gabon,2014_Gabon,..,..,..,..,..,..,..,..,..,..
2014.0,Ghana,2014_Ghana,..,..,..,..,..,..,..,..,..,..
2014.0,Guinea,2014_Guinea,..,..,..,..,..,..,..,..,..,..
2014.0,Guatemala,2014_Guatemala,..,..,..,..,..,..,..,..,..,..
2014.0,Indonesia,2014_Indonesia,..,..,..,..,..,..,..,11.3,..,..
2014.0,Iraq,2014_Iraq,..,..,..,..,..,..,..,..,..,..
2014.0,Kazakhstan,2014_Kazakhstan,..,..,..,..,..,..,..,..,..,..
2014.0,Kyrgyz Republic,2014_Kyrgyz Republic,..,..,..,..,..,..,..,..,..,..
2014.0,Liberia,2014_Liberia,..,..,..,..,..,..,..,..,..,..
2014.0,Madagascar,2014_Madagascar,..,..,..,..,..,..,..,..,..,..
2014.0,Mali,2014_Mali,..,..,..,..,..,..,..,..,..,..
2014.0,Mauritania,2014_Mauritania,..,..,..,..,..,..,..,..,..,..
2014.0,Mongolia,2014_Mongolia,..,..,..,..,..,..,..,..,..,..
2014.0,Mozambique,2014_Mozambique,..,..,..,..,..,..,..,..,..,..
2014.0,Niger,2014_Niger,..,..,..,..,..,..,..,..,..,..
2014.0,Nigeria,2014_Nigeria,..,..,..,..,..,..,..,..,..,..
2014.0,Norway,2014_Norway,..,..,..,..,..,..,..,..,..,..
2014.0,Peru,2014_Peru,..,..,..,..,..,..,..,..,..,..
2014.0,Sierra Leone,2014_Sierra Leone,..,..,..,..,..,..,..,..,..,..
2014.0,Tanzania,2014_Tanzania,..,..,..,..,..,..,..,..,..,..
2014.0,Timor-Leste,2014_Timor-Leste,..,..,..,..,..,..,..,..,..,..
2014.0,Togo,2014_Togo,..,..,..,..,..,..,..,..,..,..
2014.0,Trinidad and Tobago,2014_Trinidad and Tobago,..,..,..,..,..,..,..,..,..,..
2014.0,Yemen,2014_Yemen,..,..,..,..,..,..,..,..,..,..
2014.0,Zambia,2014_Zambia,..,..,..,..,..,..,..,..,..,..
,,,,,,,,,,,,
,,,,,,,,,,,,
,,,,,,,,,,,,
Data from database: World Development Indicators,,,,,,,,,,,,
Last Updated: 03/12/2015,,,,,,,,,,,,
