Time,Country Name,Lookup,Merchandise exports (current US$) [TX.VAL.MRCH.CD.WT],Fuel exports (% of merchandise exports) [TX.VAL.FUEL.ZS.UN],Ores and metals exports (% of merchandise exports) [TX.VAL.MMTL.ZS.UN],Extractive Exports(% Merchandise Exports),Extractive Exports (current US$),"School enrollment, primary (% net) [SE.PRM.NENR]","School enrollment, primary (% gross) [SE.PRM.ENRR]","Adjusted net enrollment rate, primary (% of primary school age children) [SE.PRM.TENR]"
1999.0,Afghanistan,1999_Afghanistan,166240000.0,..,..,..,..,..,25.74112,..
1999.0,Albania,1999_Albania,351120000.0,1.9781619836231716,3.91537546577377,0.05893537449396941,20693388.69232254,93.08723,101.68789,93.08723
1999.0,Azerbaijan,1999_Azerbaijan,929000000.0,78.59607586311955,2.408040686466842,0.810041165495864,752528242.7456577,92.1411,95.48014,92.1411
1999.0,Burkina Faso,1999_Burkina Faso,255000000.0,1.1043421413550452,0.0858128668912214,0.011901550082462665,3034895.27102798,35.49161,44.2867,35.51646
1999.0,Cameroon,1999_Cameroon,1601000000.0,..,..,..,..,..,81.01265,..
1999.0,Central African Republic,1999_Central African Republic,146000000.0,0.1538232718283155,1.3002943472816963,0.014541176191100118,2123011.723900617,..,..,..
1999.0,Chad,1999_Chad,243000000.0,..,..,..,..,49.95428,61.24435,49.99271
1999.0,"Congo, Dem. Rep.","1999_Congo, Dem. Rep.",809000000.0,..,..,..,..,36.21061,52.51333,36.21061
1999.0,"Congo, Rep.","1999_Congo, Rep.",1560000000.0,..,..,..,..,..,59.09863,..
1999.0,Equatorial Guinea,1999_Equatorial Guinea,709000000.0,..,..,..,..,..,113.34453,..
1999.0,Gabon,1999_Gabon,2394000000.0,78.47456844254678,2.32665037690184,0.8080121881944862,1934381178.5375998,..,142.87469,..
1999.0,Liberia,1999_Liberia,469000000.0,..,..,..,..,46.63387,95.16743,46.63387
1999.0,Kyrgyz Republic,1999_Kyrgyz Republic,454000000.0,11.819788693450382,5.833004818677185,0.17652793512127565,80143682.54505914,86.76145,96.36927,92.94676
1999.0,Ghana,1999_Ghana,1720000000.0,4.795841402518549,8.353001630150594,0.13148843032669144,226160100.16190928,61.34339,81.36481,62.10237
1999.0,Guatemala,1999_Guatemala,2398000000.0,3.506825260098984,0.6997198629792521,0.04206545123078237,100872952.05141611,82.77497,101.74212,84.02645
1999.0,Guinea,1999_Guinea,635700000.0,0.022510900442516697,74.11100856348448,0.7413351946392699,471266783.2321839,41.7557,53.84885,41.98361
1999.0,Indonesia,1999_Indonesia,51243000000.0,22.97127331904872,4.70115188753281,0.2767242520658153,14180180848.608574,..,112.93586,..
1999.0,Iraq,1999_Iraq,12800000000.0,..,..,..,..,89.00275,97.1404,89.00275
1999.0,Kazakhstan,1999_Kazakhstan,5872000000.0,45.01092030454678,21.453546035893385,0.6646446634044016,3902793463.5106463,..,98.01559,..
1999.0,Madagascar,1999_Madagascar,584000000.0,2.3920041759931947,3.7757195210496697,0.06167723697042865,36019506.39073033,63.23344,93.68977,63.53181
1999.0,Mali,1999_Mali,571000000.0,0.00520051960675747,0.04365846346934744,0.0004885898307610491,278984.79336455907,47.18355,60.06901,47.18355
1999.0,Mauritania,1999_Mauritania,357832456.0,..,..,..,..,59.71467,82.50178,59.71467
1999.0,Mongolia,1999_Mongolia,454000000.0,0.3708938256579282,42.530004713406754,0.42900898539064686,194770079.36735368,88.13317,96.73642,90.70588
1999.0,Niger,1999_Niger,287000000.0,0.01449567182849303,59.247328457708825,0.5926182412953732,170081435.2517721,27.05998,32.03839,27.24266
1999.0,Nigeria,1999_Nigeria,13856000000.0,98.94230829687186,0.0026758514171315952,0.98944984148289,13709817003.586924,61.87025,93.80985,62.90949
1999.0,Norway,1999_Norway,45479000000.0,49.95189363569783,7.22358427974932,0.5717547791544715,26002835601.16621,99.77762,100.82249,99.77762
1999.0,Peru,1999_Peru,6113000000.0,5.2776031328394435,40.212269980981716,0.4548987311382116,2780795943.4478874,97.63899,122.83911,99.91321
1999.0,Sierra Leone,1999_Sierra Leone,6000000.0,..,..,..,..,..,..,..
1999.0,Tanzania,1999_Tanzania,543000000.0,0.32778265709761734,0.7750288898612999,0.011028115469589173,5988266.699986921,49.26215,66.50754,49.29449
1999.0,Timor-Leste,1999_Timor-Leste,..,..,..,..,..,..,..,..
1999.0,Togo,1999_Togo,391000000.0,0.0,26.64773466557893,0.2664773466557893,104192642.54241362,85.06261,119.52545,88.54907
1999.0,Trinidad and Tobago,1999_Trinidad and Tobago,2804000000.0,54.08485019559672,0.2785038680754781,0.543633540636722,1524348447.9453685,93.70213,102.55488,97.88999
1999.0,"Yemen, Rep.","1999_Yemen, Rep.",2440000000.0,95.96383462516074,0.17497411116244196,0.9613880873632319,2345786933.166286,57.17121,73.00678,57.57562
1999.0,Zambia,1999_Zambia,1063000000.0,0.9795834813559084,63.74161565917257,0.6472119914052847,687986346.8638177,71.12654,84.33762,71.49209
2000.0,Afghanistan,2000_Afghanistan,137310000.0,..,..,..,..,..,21.25912,..
2000.0,Albania,2000_Albania,257930000.0,1.8513687889128057,3.7070565246729297,0.055584253135857346,14336846.411331685,93.60249,102.25079,93.60249
2000.0,Azerbaijan,2000_Azerbaijan,1745000000.0,85.08093842332228,1.6750807947535202,0.8675601921807581,1513892535.355423,88.23962,97.20749,88.23962
2000.0,Burkina Faso,2000_Burkina Faso,209000000.0,3.2179220307766037,0.032441821074801355,0.03250363851851405,6793260.450369437,36.33498,45.01894,36.74758
2000.0,Cameroon,2000_Cameroon,1833000000.0,54.15073670321468,5.591910066856559,0.5974264677007124,1095082715.2954059,..,83.14535,..
2000.0,Central African Republic,2000_Central African Republic,161000000.0,0.4548314601298031,7.567612564301479,0.08022444024431281,12916134.879334362,..,..,..
2000.0,Chad,2000_Chad,183000000.0,..,..,..,..,51.62139,64.06082,51.68275
2000.0,"Congo, Dem. Rep.","2000_Congo, Dem. Rep.",806600000.0,..,..,..,..,..,..,..
2000.0,"Congo, Rep.","2000_Congo, Rep.",2489000000.0,..,..,..,..,..,87.76526,..
2000.0,Equatorial Guinea,2000_Equatorial Guinea,1097000000.0,..,..,..,..,68.02352,107.59564,68.31972
2000.0,Gabon,2000_Gabon,2598135330.0,83.32552928077803,1.727581378682015,0.8505311065946004,2209794917.3074274,..,..,..
2000.0,Liberia,2000_Liberia,329000000.0,..,..,..,..,..,112.68771,..
2000.0,Kyrgyz Republic,2000_Kyrgyz Republic,505000000.0,26.697394249376284,11.193398941835323,0.3789079319121161,191348505.61561862,85.83326,95.88708,92.30837
2000.0,Ghana,2000_Ghana,1671000000.0,7.730210675669302,18.821440270508432,0.26551650946177735,443678087.31062996,64.85573,86.02353,65.63145
2000.0,Guatemala,2000_Guatemala,2696000000.0,6.014964857022061,1.871519493987019,0.0788648435100908,212619618.10320482,85.59637,103.72176,86.83268
2000.0,Guinea,2000_Guinea,666000000.0,0.040081316095265065,63.411741671968436,0.634518229880637,422589141.1005042,44.83125,57.45254,45.15591
2000.0,Indonesia,2000_Indonesia,65403000000.0,25.371196809713677,4.929874546422545,0.3030107135613622,19817809699.053772,..,110.2584,..
2000.0,Iraq,2000_Iraq,20603000000.0,97.14165249752755,0.005934027289642255,0.9714758652481719,20015317251.708084,87.95067,95.9921,87.95067
2000.0,Kazakhstan,2000_Kazakhstan,8812000000.0,53.81812285373406,18.712585535360947,0.7253070838909501,6391406023.247052,88.63322,98.72137,96.38423
2000.0,Madagascar,2000_Madagascar,824000000.0,3.8003213470060797,2.0691515808029055,0.05869472927808985,48364456.925146036,64.9494,99.63477,65.18059
2000.0,Mali,2000_Mali,545000000.0,7.191950046967337e-05,0.30449211206989407,0.0030456403157036378,1659873.9720584827,..,62.18044,..
2000.0,Mauritania,2000_Mauritania,354570578.0,..,45.72355243268758,..,..,59.86309,82.70699,59.86914
2000.0,Mongolia,2000_Mongolia,536000000.0,0.49146165907848394,41.41246924433837,0.4190393090341685,224605069.6423143,89.99547,99.01818,92.85614
2000.0,Niger,2000_Niger,283000000.0,1.639955919270386,40.6733358497513,0.4231329176902168,119746615.70633136,27.89883,33.64777,27.96915
2000.0,Nigeria,2000_Nigeria,20975000000.0,99.63503387937604,0.008705338188667422,0.996437392175647,20900274300.884193,64.86935,98.35719,64.86935
2000.0,Norway,2000_Norway,60058000000.0,63.89607172028362,6.080252943726777,0.699763246640104,42026381066.711365,99.71899,100.92243,99.71899
2000.0,Peru,2000_Peru,7028000000.0,7.055122339483118,39.254334455248376,0.46309456794731496,3254628623.5337296,97.59719,122.2266,99.97621
2000.0,Sierra Leone,2000_Sierra Leone,13000000.0,..,1.358062842231579,..,..,..,68.71768,..
2000.0,Tanzania,2000_Tanzania,733700000.0,0.12437358075679748,0.53616622864613,0.006605398094029274,4846380.581589279,53.00334,68.16767,53.03684
2000.0,Timor-Leste,2000_Timor-Leste,..,..,..,..,..,..,..,..
2000.0,Togo,2000_Togo,363000000.0,0.6467214111652838,25.505791612377486,0.2615251302354277,94933622.27546026,83.29333,112.79296,84.95529
2000.0,Trinidad and Tobago,2000_Trinidad and Tobago,4274000000.0,65.27791530944626,0.14666704107229772,0.6542458235051855,2796246649.661163,93.85632,104.90436,98.30504
2000.0,"Yemen, Rep.","2000_Yemen, Rep.",4079000000.0,96.89777772936357,0.14459616822811364,0.9704237389759168,3958358431.282765,..,..,..
2000.0,Zambia,2000_Zambia,892362000.0,1.0886785491540187,74.10120625730848,0.751898848064625,670965959.8566449,70.67359,84.28811,71.38934
2001.0,Afghanistan,2001_Afghanistan,68000000.0,..,..,..,..,..,21.11671,..
2001.0,Albania,2001_Albania,307190000.0,1.4483597061316942,2.912995902503771,0.04361355608635465,13397648.294167286,93.49585,102.56187,93.49585
2001.0,Azerbaijan,2001_Azerbaijan,2314000000.0,91.3282286219921,0.631924148390805,0.9196015277038291,2127957935.1066606,85.38303,98.861,85.4634
2001.0,Burkina Faso,2001_Burkina Faso,223000000.0,0.023109654576162285,0.04730047606384058,0.0007041013064000287,157014.5913272064,37.26344,46.43786,37.77188
2001.0,Cameroon,2001_Cameroon,1749000000.0,51.90256114353635,5.374322414609354,0.5727688355814571,1001772693.4319685,..,98.14323,..
2001.0,Central African Republic,2001_Central African Republic,142000000.0,0.07553133512048735,20.230971149124223,0.2030650248424471,28835233.527627487,..,79.43273,..
2001.0,Chad,2001_Chad,189000000.0,..,..,..,..,52.8479,66.4841,52.91957
2001.0,"Congo, Dem. Rep.","2001_Congo, Dem. Rep.",880400000.0,..,..,..,..,..,..,..
2001.0,"Congo, Rep.","2001_Congo, Rep.",2055000000.0,..,..,..,..,..,103.03963,..
2001.0,Equatorial Guinea,2001_Equatorial Guinea,1735000000.0,..,..,..,..,75.71468,112.90518,76.00817
2001.0,Gabon,2001_Gabon,2523890271.0,82.95039252066036,1.5039200589125872,0.8445431257957294,2131534178.6357706,..,137.65639,..
2001.0,Liberia,2001_Liberia,127900000.0,..,..,..,..,..,..,..
2001.0,Kyrgyz Republic,2001_Kyrgyz Republic,476000000.0,21.65834732411474,6.0184666787266226,0.2767681400284136,131741634.65352488,86.25493,95.72587,93.05922
2001.0,Ghana,2001_Ghana,1716000000.0,11.155860277109392,16.52970393391384,0.27685564211023234,475084281.86115867,59.45767,81.82352,60.20218
2001.0,Guatemala,2001_Guatemala,2466000000.0,5.390999354621486,0.9562027343404719,0.06347202088961958,156522003.51380187,85.99881,104.30618,85.99881
2001.0,Guinea,2001_Guinea,731000000.0,0.9623704264946416,68.03469865279462,0.6899706907928926,504368574.9696045,48.36711,60.9942,48.7023
2001.0,Indonesia,2001_Indonesia,57361000000.0,25.520273451417292,5.48787421106776,0.3100814766248505,17786583580.67805,93.18608,111.23454,97.45206
2001.0,Iraq,2001_Iraq,12872000000.0,87.68909727658061,0.008820425962640712,0.8769791770254325,11288475966.671368,..,..,..
2001.0,Kazakhstan,2001_Kazakhstan,8639000000.0,56.729761104361565,18.442698772134012,0.7517245987649558,6494148808.7304535,89.15139,101.77053,97.20204
2001.0,Madagascar,2001_Madagascar,928000000.0,1.1669232598342674,1.2689926804626452,0.02435915940296913,22605299.92595535,66.38847,101.16124,66.74875
2001.0,Mali,2001_Mali,725000000.0,4.217277136965278,0.11133942621406365,0.04328616563179342,31382470.08305023,..,67.42939,..
2001.0,Mauritania,2001_Mauritania,355249511.0,..,58.940131781224515,..,..,63.17699,81.88625,63.18425
2001.0,Mongolia,2001_Mongolia,521000000.0,0.8571060747933703,39.68184847507556,0.40538954549868933,211207953.20481715,91.19087,101.41696,94.21067
2001.0,Niger,2001_Niger,272000000.0,2.0820188062005536,41.16249564885159,0.4324451445505214,117625079.31774183,31.52249,36.73575,31.70198
2001.0,Nigeria,2001_Nigeria,18045000000.0,99.65649855066181,0.012764551423906029,0.996692631020857,17985318526.771366,..,96.04458,..
2001.0,Norway,2001_Norway,59191000000.0,61.7711511555939,6.0044299077938454,0.6777558106338775,40117044187.22984,99.77023,100.93748,99.77023
2001.0,Peru,2001_Peru,7013000000.0,7.315619813993108,37.01108141875895,0.4432670123275206,3108631557.452902,97.95915,121.24159,99.87212
2001.0,Sierra Leone,2001_Sierra Leone,29000000.0,..,..,..,..,..,84.86233,..
2001.0,Tanzania,2001_Tanzania,851300000.0,0.16791852742135463,8.818334279874286,0.0898625280729564,76499970.14850779,57.79153,74.32577,57.82782
2001.0,Timor-Leste,2001_Timor-Leste,..,..,..,..,..,..,118.19145,..
2001.0,Togo,2001_Togo,357000000.0,0.4092191022115524,20.50868359694877,0.20917902699160323,74676912.63600236,85.45472,114.91089,87.60301
2001.0,Trinidad and Tobago,2001_Trinidad and Tobago,4280000000.0,48.87110865014762,0.15070051149963629,0.49021809161647256,2098133432.1185026,93.063,101.12341,97.77076
2001.0,"Yemen, Rep.","2001_Yemen, Rep.",3374000000.0,95.15857329665273,0.07059450073410711,0.9522916779738684,3213032121.483832,65.84151,78.74638,66.29753
2001.0,Zambia,2001_Zambia,987411000.0,1.037113373573874,70.52823095024503,0.715653443238189,706644082.0412635,70.46635,84.1201,71.13138
2002.0,Afghanistan,2002_Afghanistan,100000000.0,..,..,..,..,..,69.59158,..
2002.0,Albania,2002_Albania,339550000.0,2.0096429613750204,3.432559839686047,0.05442202801061067,18478999.61100285,..,101.60069,..
2002.0,Azerbaijan,2002_Azerbaijan,2167400000.0,88.92237478785503,0.04632253564764103,0.8896869732350268,1928307545.789597,84.82565,98.34943,84.91034
2002.0,Burkina Faso,2002_Burkina Faso,246742000.0,0.0028183703945005253,0.05094737398028489,0.0005376574437478542,132662.67298523305,36.71742,47.05245,36.71742
2002.0,Cameroon,2002_Cameroon,1802000000.0,49.1871088354744,4.324370574882079,0.5351147941035648,964276858.9746237,..,97.95034,..
2002.0,Central African Republic,2002_Central African Republic,147000000.0,0.009590354417910047,22.112300907220334,0.22121891261638243,32519180.154608216,..,70.14053,..
2002.0,Chad,2002_Chad,185000000.0,..,..,..,..,56.25016,70.22144,56.4261
2002.0,"Congo, Dem. Rep.","2002_Congo, Dem. Rep.",1132100000.0,..,..,..,..,..,65.72588,..
2002.0,"Congo, Rep.","2002_Congo, Rep.",2280000000.0,..,..,..,..,..,105.50265,..
2002.0,Equatorial Guinea,2002_Equatorial Guinea,2117000000.0,..,..,..,..,74.03042,110.3929,74.04732
2002.0,Gabon,2002_Gabon,2409295425.0,83.81793587779866,1.774458108179382,0.8559239398597804,2062173632.4521441,..,143.20531,..
2002.0,Liberia,2002_Liberia,176100000.0,..,..,..,..,..,..,..
2002.0,Kyrgyz Republic,2002_Kyrgyz Republic,485500000.0,19.54728863975235,6.234336430906123,0.2578162507065847,125169789.71804687,86.24218,95.70814,93.18601
2002.0,Ghana,2002_Ghana,1850000000.0,..,..,..,..,61.92222,83.74326,62.7079
2002.0,Guatemala,2002_Guatemala,4162100000.0,8.556711967258147,0.6281566919821604,0.09184868659240308,382283418.4662409,88.01879,107.04911,89.34116
2002.0,Guinea,2002_Guinea,709000000.0,0.07374300795723734,71.62597351783904,0.7169971652579628,508350990.1678956,55.83514,70.00276,56.19131
2002.0,Indonesia,2002_Indonesia,59166000000.0,24.419384619409332,5.264110470358705,0.29683495089768036,17562536704.812157,92.70685,111.58146,96.89888
2002.0,Iraq,2002_Iraq,12219000000.0,95.322466305564,0.01485997972001872,0.9533732628528402,11649267898.798855,..,..,..
2002.0,Kazakhstan,2002_Kazakhstan,9670300000.0,59.050228249472205,16.173852094274768,0.7522408034374698,7274394241.481364,91.36413,103.4907,98.73896
2002.0,Madagascar,2002_Madagascar,486000000.0,1.96011250861615,1.3732973656245726,0.033334098742407225,16200371.988809912,67.26867,102.18569,67.67951
2002.0,Mali,2002_Mali,874000000.0,3.5796341212818312,0.08759009017880824,0.036672242114606395,32051539.60816599,55.85586,71.60815,55.86397
2002.0,Mauritania,2002_Mauritania,331669534.0,..,61.911926741963185,..,..,62.28019,83.19327,62.52488
2002.0,Mongolia,2002_Mongolia,524000000.0,0.8496508444852628,42.75466678806617,0.43604317632551426,228486624.3945695,89.55179,102.06147,93.13577
2002.0,Niger,2002_Niger,279000000.0,1.38423804634812,45.42455278589328,0.4680879083224141,130596526.42195353,35.09052,41.0481,35.4187
2002.0,Nigeria,2002_Nigeria,17975000000.0,94.0374643852279,0.02852560967797218,0.9406598999490587,16908361701.584332,..,97.64834,..
2002.0,Norway,2002_Norway,59662000000.0,60.65006438823788,6.09042217990171,0.6674048656813959,39818709096.28344,99.74167,100.27272,99.74167
2002.0,Peru,2002_Peru,7713900000.0,7.7690949944377,39.69490091520005,0.4746399590963775,3661325180.4735465,97.91068,120.0489,99.93604
2002.0,Sierra Leone,2002_Sierra Leone,48668700.0,..,0.1150017787662817,..,..,..,..,..
2002.0,Tanzania,2002_Tanzania,979600000.0,0.11572944143660707,12.460985432921515,0.12576714874358122,123201498.90921216,72.88328,89.12287,72.93025
2002.0,Timor-Leste,2002_Timor-Leste,..,..,..,..,..,..,113.35875,..
2002.0,Togo,2002_Togo,427000000.0,0.5343436301979554,16.74169404747335,0.17276037677671305,73768680.88365647,88.2755,116.97468,90.95327
2002.0,Trinidad and Tobago,2002_Trinidad and Tobago,3880000000.0,60.083730666808044,0.20651428623560253,0.6029024495304365,2339261504.1780934,89.87859,96.51678,94.54313
2002.0,"Yemen, Rep.","2002_Yemen, Rep.",3336347422.0,93.5426302721811,0.0633613499361661,0.9360599162211727,3123021088.3220453,..,80.59143,..
2002.0,Zambia,2002_Zambia,956349000.0,0.8355874674912688,69.78496673408452,0.7062055420157578,675378963.901228,72.54633,87.16641,74.18129
2003.0,Afghanistan,2003_Afghanistan,144000000.0,..,..,..,..,..,93.93523,..
2003.0,Albania,2003_Albania,447950000.0,0.9394539310812433,4.0951872993777885,0.05034641230459032,22552675.391841233,91.24935,99.51508,91.24935
2003.0,Azerbaijan,2003_Azerbaijan,2591718144.0,86.01067065598127,1.0329959375088813,0.8704366659349015,2255926500.306351,83.28454,96.21324,83.3463
2003.0,Burkina Faso,2003_Burkina Faso,320544000.0,0.0414226763476624,0.021477473974118172,0.0006290015032178057,201622.6578474483,38.64454,49.30155,39.04104
2003.0,Cameroon,2003_Cameroon,2282560206.0,48.812339702052896,4.158270935894282,0.5297061063794718,1209086079.2969851,..,97.93229,..
2003.0,Central African Republic,2003_Central African Republic,128000000.0,0.0,36.563920063302305,0.3656392006330231,46801817.68102695,..,69.62714,..
2003.0,Chad,2003_Chad,601000000.0,..,..,..,..,57.75562,72.10096,57.94732
2003.0,"Congo, Dem. Rep.","2003_Congo, Dem. Rep.",1377700000.0,..,..,..,..,..,..,..
2003.0,"Congo, Rep.","2003_Congo, Rep.",2677000000.0,..,..,..,..,..,99.75116,..
2003.0,Equatorial Guinea,2003_Equatorial Guinea,2801000000.0,..,..,..,..,70.71533,101.71663,72.68152
2003.0,Gabon,2003_Gabon,3062095664.0,17.594056310573407,8.094125795831898,0.25688182106405305,786596710.4406607,..,139.69148,..
2003.0,Liberia,2003_Liberia,108900000.0,..,..,..,..,..,..,..
2003.0,Kyrgyz Republic,2003_Kyrgyz Republic,581700000.0,20.935584561472204,5.626459381735464,0.2656204394320767,154511409.617639,85.55965,96.6934,93.17206
2003.0,Ghana,2003_Ghana,2324296000.0,0.05686883464634912,3.887712592102837,0.03944581426749186,91683748.31867425,64.2761,80.10215,65.08893
2003.0,Guatemala,2003_Guatemala,4459400000.0,8.227890027799614,0.38510660880910574,0.0861299663660872,384087972.01292926,..,..,..
2003.0,Guinea,2003_Guinea,609000000.0,..,..,..,..,59.40902,73.95233,59.8491
2003.0,Indonesia,2003_Indonesia,64108000000.0,25.771400073339606,5.7274911163705,0.3149889118971011,20193309163.899357,92.08857,111.27537,96.46762
2003.0,Iraq,2003_Iraq,9711000000.0,..,..,..,..,93.78119,105.25788,93.78119
2003.0,Kazakhstan,2003_Kazakhstan,12926700000.0,61.841232161395546,12.8906232733104,0.7473185543470595,9660362756.478134,91.80509,104.50801,98.56023
2003.0,Madagascar,2003_Madagascar,856000000.0,4.281012847547402,1.4122662195744553,0.05693279067121857,48734468.814563096,77.07133,117.26455,77.43427
2003.0,Mali,2003_Mali,928000000.0,1.3002190374297466,0.07398815384661392,0.013742071912763604,12752642.735044625,55.9354,73.39369,55.94413
2003.0,Mauritania,2003_Mauritania,318328267.0,..,57.90522551493753,..,..,65.25716,85.17074,65.53898
2003.0,Mongolia,2003_Mongolia,615900000.0,2.915852488885635,43.050060265206575,0.4596591275409221,283104056.6524539,82.56388,105.40457,85.96923
2003.0,Niger,2003_Niger,352000000.0,1.4547609069161622,50.257518215531626,0.5171227912244779,182027222.51101622,38.90975,44.31851,39.23966
2003.0,Nigeria,2003_Nigeria,24031000000.0,97.89661555494133,0.002843988848390072,0.9789945954378971,23526219122.968105,..,..,..
2003.0,Norway,2003_Norway,68321000000.0,61.17591980382632,6.651394091250571,0.6782731389507688,46340299126.25548,99.85574,100.0731,99.85574
2003.0,Peru,2003_Peru,9090730000.0,9.58844428388315,39.87842728078476,0.49466871564667914,4496899733.390736,99.89232,117.7088,99.89232
2003.0,Sierra Leone,2003_Sierra Leone,92251000.0,..,..,..,..,..,..,..
2003.0,Tanzania,2003_Tanzania,1216100000.0,0.09580224671861134,10.147862107913799,0.10243664354632409,124573202.21668473,81.48613,95.64513,81.54448
2003.0,Timor-Leste,2003_Timor-Leste,8000000.0,..,..,..,..,..,107.81766,..
2003.0,Togo,2003_Togo,598000000.0,0.346277176186748,9.241360669259885,0.09587637845446632,57334074.315770864,86.3035,114.74407,88.87572
2003.0,Trinidad and Tobago,2003_Trinidad and Tobago,5177610000.0,61.89235129661807,0.1909211316437894,0.6208327242826186,3214429721.572929,90.99373,100.53892,95.93812
2003.0,"Yemen, Rep.","2003_Yemen, Rep.",3732857000.0,89.54294142242128,0.07439244464014147,0.8961733386706142,3345286920.469973,71.94642,83.63162,72.42416
2003.0,Zambia,2003_Zambia,980445000.0,1.3934051913843226,67.51339552327293,0.6890680071465725,675593282.2668213,..,..,..
2004.0,Afghanistan,2004_Afghanistan,305000000.0,..,..,..,..,..,104.87988,..
2004.0,Albania,2004_Albania,605400000.0,2.6277119080707485,5.522306591121016,0.08150018499191765,49340211.99410694,..,..,..
2004.0,Azerbaijan,2004_Azerbaijan,3615400000.0,82.21596106248496,1.4202708226380816,0.8363623188512306,3023784327.574739,84.21228,97.26133,84.28326
2004.0,Burkina Faso,2004_Burkina Faso,479287000.0,0.04490584294484442,0.15241036785129192,0.0019731621079613635,945710.947238478,41.14093,53.86393,41.89653
2004.0,Cameroon,2004_Cameroon,2476762000.0,46.68503623043592,5.061878038391601,0.5174691426882753,1281647908.782898,..,102.21166,..
2004.0,Central African Republic,2004_Central African Republic,133829278.0,0.18329670096920042,36.82217389397274,0.3700547059494194,49524154.1177131,..,59.82873,..
2004.0,Chad,2004_Chad,2191000000.0,..,..,..,..,..,75.51342,..
2004.0,"Congo, Dem. Rep.","2004_Congo, Dem. Rep.",1917200000.0,..,..,..,..,..,..,..
2004.0,"Congo, Rep.","2004_Congo, Rep.",3433000000.0,..,..,..,..,..,111.21367,..
2004.0,Equatorial Guinea,2004_Equatorial Guinea,4598843000.0,..,..,..,..,..,..,..
2004.0,Gabon,2004_Gabon,3727628080.0,76.18391069455576,5.508436704138614,0.8169234739869438,3045186880.844881,..,..,..
2004.0,Liberia,2004_Liberia,103800000.0,..,..,..,..,..,..,..
2004.0,Kyrgyz Republic,2004_Kyrgyz Republic,718800000.0,18.835434982661194,7.3114810212594055,0.261469160039206,187944032.2361813,90.17227,98.09339,97.88988
2004.0,Ghana,2004_Ghana,2450000000.0,..,..,..,..,59.61725,83.8068,60.50224
2004.0,Guatemala,2004_Guatemala,5036400000.0,8.286935715743681,0.49881368530456244,0.08785749401048243,442485482.8343937,92.41535,112.4497,93.8582
2004.0,Guinea,2004_Guinea,744230000.0,0.26828433251140954,77.61838816577354,0.7788667249828495,579655982.733986,62.59013,77.597,63.07828
2004.0,Indonesia,2004_Indonesia,70766610000.0,25.79947752220779,6.434500542394847,0.32233978064602636,22810893544.462894,91.20634,110.71783,95.74361
2004.0,Iraq,2004_Iraq,17810000000.0,96.03183204860723,0.022713330200377115,0.960545453788076,17107314531.965633,92.46121,103.77634,92.46121
2004.0,Kazakhstan,2004_Kazakhstan,20093100000.0,64.8431267332422,14.03141389487374,0.7887454062811594,15848340322.947964,92.4228,105.22275,98.70557
2004.0,Madagascar,2004_Madagascar,991613000.0,1.7857751871216996,2.491195323090669,0.04276970510212369,42410995.58543218,..,133.66206,..
2004.0,Mali,2004_Mali,976433000.0,0.7675577163474525,0.1116942552713721,0.008792519716188246,8585306.404036839,55.96439,76.73145,55.96439
2004.0,Mauritania,2004_Mauritania,439609758.0,..,59.82674947271924,..,..,72.19833,91.48337,72.41388
2004.0,Mongolia,2004_Mongolia,869700000.0,4.091989239468822,54.48056261948805,0.5857255185895687,509405483.5173479,87.43958,108.52431,92.84346
2004.0,Niger,2004_Niger,437000000.0,2.36683825549001,35.48866520019769,0.37855503455687695,165428550.10135522,42.46452,48.32703,42.8133
2004.0,Nigeria,2004_Nigeria,38631000000.0,..,..,..,..,66.12203,100.25656,66.12203
2004.0,Norway,2004_Norway,82527000000.0,63.61238826699645,7.0462634352789655,0.7065865170227541,58312465490.33683,99.45436,99.45436,99.45459
2004.0,Peru,2004_Peru,12809000000.0,6.724339396124993,48.10834644946391,0.548326858455889,7023518729.961482,97.09084,116.01758,99.63407
2004.0,Sierra Leone,2004_Sierra Leone,138590000.0,..,..,..,..,..,..,..
2004.0,Tanzania,2004_Tanzania,1479100000.0,0.20140267545837479,13.732639338585987,0.13934042014044362,206098415.42973015,85.9695,100.90755,86.04566
2004.0,Timor-Leste,2004_Timor-Leste,7336000.0,0.0,0.00014342625824987837,1.4342625824987838e-06,10.521750305211079,..,101.97862,..
2004.0,Togo,2004_Togo,601000000.0,0.36915382599063046,12.691670169028335,0.13060823995018966,78495552.210064,88.75133,113.92523,91.72519
2004.0,Trinidad and Tobago,2004_Trinidad and Tobago,6517202000.0,60.20684788955173,0.2284350512234776,0.6043528294077521,3938689468.521861,91.68451,101.73067,96.6009
2004.0,"Yemen, Rep.","2004_Yemen, Rep.",4072487000.0,93.45799236390798,0.16609449294689113,0.9362408685685487,3812828766.1141233,74.71457,86.84936,75.21072
2004.0,Zambia,2004_Zambia,1575627000.0,1.7585077305608674,63.09380394299017,0.6485231167355104,1021830532.8526222,85.87208,106.3054,86.99951
2005.0,Afghanistan,2005_Afghanistan,384000000.0,..,..,..,..,..,97.74478,..
2005.0,Albania,2005_Albania,658000000.0,8.662729512996414,24.14078257645064,0.3280351208944705,215847109.5485616,..,..,..
2005.0,Azerbaijan,2005_Azerbaijan,7648962000.0,76.76461139944884,1.397208150988524,0.7816181955043736,5978567875.921525,83.86862,95.52697,83.95354
2005.0,Burkina Faso,2005_Burkina Faso,468000000.0,0.020282251117316637,0.33124568550350225,0.003515279366208189,1645150.7433854323,45.74236,58.3205,45.96759
2005.0,Cameroon,2005_Cameroon,2861244663.18336,49.642677662383946,5.5420895271802895,0.5518476718956423,1578971206.1015685,..,100.29745,..
2005.0,Central African Republic,2005_Central African Republic,128000000.0,0.39958564259393503,17.778437532822252,0.18178023175416186,23267869.664532717,49.48069,66.54827,49.5985
2005.0,Chad,2005_Chad,3080945194.77959,..,..,..,..,..,72.06493,..
2005.0,"Congo, Dem. Rep.","2005_Congo, Dem. Rep.",2402800000.0,..,..,..,..,..,..,..
2005.0,"Congo, Rep.","2005_Congo, Rep.",4745000000.0,..,..,..,..,52.65096,110.25129,52.65096
2005.0,Equatorial Guinea,2005_Equatorial Guinea,7064000000.0,..,..,..,..,..,100.6773,..
2005.0,Gabon,2005_Gabon,5065009000.0,84.04334119611599,3.5928399012288774,0.8763618109734486,4438780459.836816,..,..,..
2005.0,Liberia,2005_Liberia,131300000.0,..,..,..,..,..,..,..
2005.0,Kyrgyz Republic,2005_Kyrgyz Republic,672000000.0,7.530941785273924,4.015985322400254,0.11546927107674179,77595350.16357048,87.63588,98.75351,95.45145
2005.0,Ghana,2005_Ghana,2802207027.79184,3.3759376712786846,5.022669601439019,0.08398607272717705,235346363.23273212,66.51315,90.36097,67.4372
2005.0,Guatemala,2005_Guatemala,5380931000.0,5.669260879379793,0.5036446193753525,0.061729054987551456,332159785.58322024,93.73174,113.38874,95.25047
2005.0,Guinea,2005_Guinea,852690000.0,3.906958254446596e-05,74.61716390051019,0.7461720297009273,636253428.0056838,64.54375,80.12843,65.2474
2005.0,Indonesia,2005_Indonesia,86996064000.0,27.61447436048579,8.467330306217029,0.3608180466670282,31389749880.19977,90.41131,109.75272,94.80417
2005.0,Iraq,2005_Iraq,23697000000.0,96.44541714236323,..,..,..,..,..,..
2005.0,Kazakhstan,2005_Kazakhstan,27849000000.0,70.61758730397332,12.841735291307032,0.8345932259528035,23242586749.559624,90.96038,104.18119,98.76328
2005.0,Madagascar,2005_Madagascar,854641190.0,1.0539024721469206,3.9397869549979823,0.049936894271449025,42678126.74505538,..,138.32208,..
2005.0,Mali,2005_Mali,1100920000.0,1.5733051423479583,0.11258791550278448,0.016858930578507427,18560333.852490395,61.38336,80.11179,61.38336
2005.0,Mauritania,2005_Mauritania,625100000.0,..,68.58137778171141,..,..,70.70575,91.30191,71.07951
2005.0,Mongolia,2005_Mongolia,1065000000.0,5.486512273429944,57.86566701409003,0.6335217928751997,674700709.4120877,87.91701,97.97005,92.43594
2005.0,Niger,2005_Niger,489000000.0,2.448443137193096,36.146903265962536,0.3859534640315563,188731243.911431,42.75672,50.038,42.75672
2005.0,Nigeria,2005_Nigeria,50467000000.0,..,..,..,..,66.5636,100.92608,66.5636
2005.0,Norway,2005_Norway,103759235000.0,67.68568076034454,6.1777162484955745,0.7386339700884011,76640095681.38539,98.60261,98.60261,98.60261
2005.0,Peru,2005_Peru,17367700000.0,11.365529722419646,48.7094538369853,0.6007498355940494,10433642919.64677,96.94769,114.81982,99.63822
2005.0,Sierra Leone,2005_Sierra Leone,158498000.0,..,..,..,..,..,..,..
2005.0,Tanzania,2005_Tanzania,1679100000.0,0.1959772583259854,11.916560784504687,0.12112538042830673,203381626.27716982,90.49106,104.99321,90.61478
2005.0,Timor-Leste,2005_Timor-Leste,8086000.0,0.0,0.0,0.0,0.0,..,94.22634,..
2005.0,Togo,2005_Togo,660135000.0,1.248593010786247,10.268549143828283,0.11517142154614529,76028686.36236462,88.37891,113.32268,91.38654
2005.0,Trinidad and Tobago,2005_Trinidad and Tobago,9941665000.0,70.19761545311228,0.41813130393996634,0.7061574675705224,7020380979.834498,88.70078,99.27136,93.6849
2005.0,"Yemen, Rep.","2005_Yemen, Rep.",5607666000.0,93.80421953510836,0.0939407080170517,0.9389816024312542,5265495206.579262,76.86367,89.28781,77.10162
2005.0,Zambia,2005_Zambia,1809763000.0,0.7199452184225269,71.71249049483934,0.7243243571326187,1310855421.5373993,93.94097,117.33454,95.21923
2006.0,Afghanistan,2006_Afghanistan,416000000.0,..,..,..,..,..,100.98891,..
2006.0,Albania,2006_Albania,798000000.0,13.687093088073384,37.864345570795074,0.5155143865886845,411380480.49777025,..,..,..
2006.0,Azerbaijan,2006_Azerbaijan,13014633000.0,84.5913420598385,1.341164378312444,0.8593250643815094,11183800340.626717,83.15377,94.21666,83.77201
2006.0,Burkina Faso,2006_Burkina Faso,588000000.0,..,..,..,..,48.74735,62.06524,49.62345
2006.0,Cameroon,2006_Cameroon,3576420000.0,61.610780823979574,4.905073214036847,0.6651585403801641,2378886306.9864264,..,99.25476,..
2006.0,Central African Republic,2006_Central African Republic,157586000.0,0.013490206525398066,15.721248595441887,0.15734738801967285,24795745.488468166,49.81202,66.24515,49.94345
2006.0,Chad,2006_Chad,3351947828.41515,..,..,..,..,..,71.47151,..
2006.0,"Congo, Dem. Rep.","2006_Congo, Dem. Rep.",2704700000.0,..,..,..,..,..,..,..
2006.0,"Congo, Rep.","2006_Congo, Rep.",6077569000.0,..,..,..,..,56.08426,110.32398,56.08426
2006.0,Equatorial Guinea,2006_Equatorial Guinea,8207000000.0,..,..,..,..,..,..,..
2006.0,Gabon,2006_Gabon,5450000000.0,85.6117835414576,3.1510042373413287,0.8876278777879892,4837571933.944541,..,..,..
2006.0,Liberia,2006_Liberia,157800000.0,..,..,..,..,35.09446,92.52455,35.10923
2006.0,Kyrgyz Republic,2006_Kyrgyz Republic,891100000.0,18.27755755824958,5.522392887959374,0.23799950446208953,212081358.426168,88.45284,99.63945,96.3132
2006.0,Ghana,2006_Ghana,3726680000.0,0.6540340821494357,3.1452011716257577,0.03799235253775193,141585340.3553894,66.05534,95.34689,67.01771
2006.0,Guatemala,2006_Guatemala,6025163000.0,8.80596244467745,1.0542888606879137,0.09860251305365363,594096213.3578908,94.93606,114.21607,96.60767
2006.0,Guinea,2006_Guinea,1033000000.0,0.31223339648571086,56.68169271040916,0.5699392610689487,588747256.684224,66.52865,82.08393,67.58572
2006.0,Indonesia,2006_Indonesia,103527000000.0,27.243644407794935,9.968306286556173,0.3721195069435111,38524416195.34087,93.36688,108.09195,96.22244
2006.0,Iraq,2006_Iraq,29360880000.0,99.5605632123591,0.007342038759270739,0.9956790525111837,29234013179.294563,..,..,..
2006.0,Kazakhstan,2006_Kazakhstan,38250000000.0,69.43499970326498,14.619121210175292,0.8405412091344027,32150701249.390903,90.2444,102.96122,98.83101
2006.0,Madagascar,2006_Madagascar,985256000.0,5.510389373054273,3.6070680205475125,0.09117457393601786,89830296.0179052,..,138.11169,..
2006.0,Mali,2006_Mali,1550000000.0,2.2538128566429685,0.17290540772593052,0.02426718264368899,37614133.09771793,62.71232,83.04336,62.71232
2006.0,Mauritania,2006_Mauritania,1366568000.0,..,..,..,..,73.32163,93.81846,73.66189
2006.0,Mongolia,2006_Mongolia,1542800000.0,5.532089878913399,66.32068839645403,0.7185277827536742,1108544663.2323687,91.66744,100.79425,97.48521
2006.0,Niger,2006_Niger,507946000.0,2.1616108208714713,35.75551410826728,0.3791712492913875,192598519.39256313,43.46163,50.62768,44.07043
2006.0,Nigeria,2006_Nigeria,58726000000.0,98.238856362994,0.005746143025069044,0.9824460250601906,57695125267.68475,67.05246,101.6673,67.05246
2006.0,Norway,2006_Norway,122208315000.0,67.82716271415457,7.281009122343958,0.7510817183649853,91788431228.6894,98.63914,98.63914,98.63914
2006.0,Peru,2006_Peru,23830100000.0,9.624413573232715,57.06877797761044,0.6669319155084316,15893054239.757475,96.96792,113.76258,99.71022
2006.0,Sierra Leone,2006_Sierra Leone,231037000.0,..,..,..,..,..,..,..
2006.0,Tanzania,2006_Tanzania,1864681000.0,0.23206719633610812,17.31593702701109,0.17548004223347197,327214300.63195276,95.99299,108.20629,96.16449
2006.0,Timor-Leste,2006_Timor-Leste,8444000.0,..,..,..,..,..,..,..
2006.0,Togo,2006_Togo,630343000.0,..,..,..,..,90.36021,117.56214,93.30259
2006.0,Trinidad and Tobago,2006_Trinidad and Tobago,14154700000.0,76.45548002004016,0.3184152207785912,0.7677389524081875,10867114549.65217,..,..,..
2006.0,"Yemen, Rep.","2006_Yemen, Rep.",6654084000.0,94.42516924495881,0.08609384134620089,0.9451126308630501,6288858835.223728,..,..,..
2006.0,Zambia,2006_Zambia,3770370000.0,0.6045757543142092,84.7726796023709,0.8537725535668511,3219038422.7918487,92.86218,117.99062,94.39426
2007.0,Afghanistan,2007_Afghanistan,454000000.0,..,..,..,..,..,97.87896,..
2007.0,Albania,2007_Albania,1077580000.0,7.453003161477391,13.55952865686247,0.21012531818339863,226426840.3680667,..,..,..
2007.0,Azerbaijan,2007_Azerbaijan,21269317000.0,81.39896584516322,1.765430909705631,0.8316439675486884,17688499176.930767,83.3748,94.7712,83.45841
2007.0,Burkina Faso,2007_Burkina Faso,623000000.0,0.004514982879156934,0.21581496276115342,0.0022032994564031034,1372655.5613391334,54.02702,67.66018,54.94637
2007.0,Cameroon,2007_Cameroon,4230114715.0,58.68062171453429,4.932689798224539,0.6361331151275883,2690916051.0000005,..,101.22671,..
2007.0,Central African Republic,2007_Central African Republic,177771471.851807,..,26.60950345535839,..,..,58.44265,76.72437,58.44265
2007.0,Chad,2007_Chad,3666224000.0,..,..,..,..,..,70.4406,..
2007.0,"Congo, Dem. Rep.","2007_Congo, Dem. Rep.",3100000000.0,..,..,..,..,..,93.1077,..
2007.0,"Congo, Rep.","2007_Congo, Rep.",5635000000.0,87.02461809130595,0.03648302910436844,0.8706110112041032,4905893048.135121,..,107.61471,..
2007.0,Equatorial Guinea,2007_Equatorial Guinea,10210000000.0,..,..,..,..,..,..,..
2007.0,Gabon,2007_Gabon,6309000000.0,83.41376868775963,3.600595387690016,0.8701436407544965,5489736229.520118,..,..,..
2007.0,Liberia,2007_Liberia,200200000.0,..,..,..,..,..,..,..
2007.0,Kyrgyz Republic,2007_Kyrgyz Republic,1321100000.0,15.590169319091226,4.748405309895325,0.2033857462898655,268692909.4235413,86.76474,97.89546,94.92139
2007.0,Ghana,2007_Ghana,4194720000.0,1.292176243694606,4.892420641220964,0.0618459688491557,259426522.4509304,71.98322,100.95642,72.3741
2007.0,Guatemala,2007_Guatemala,6897700000.0,5.0732908927360185,3.950923793312991,0.0902421468604901,622463256.3996027,95.62943,114.16728,97.42923
2007.0,Guinea,2007_Guinea,1203000000.0,1.0424846649704897,82.22944608197587,0.8327193074694635,1001761326.8857646,68.2504,84.18937,69.56985
2007.0,Indonesia,2007_Indonesia,118013000000.0,25.386733244989983,10.718652863253372,0.36105386108243354,42609049307.92123,95.38421,111.13317,98.57774
2007.0,Iraq,2007_Iraq,41267900000.0,99.73947679904424,9.249905308592759e-05,0.9973956929809732,41160425718.36951,91.75324,107.46769,91.75324
2007.0,Kazakhstan,2007_Kazakhstan,47755000000.0,66.55231167421591,14.16449961512739,0.8071681128934329,38546313231.22589,90.01222,103.33914,98.76927
2007.0,Madagascar,2007_Madagascar,1237684000.0,4.701841303355848,3.292737479418708,0.07994578782774556,98947622.46179543,..,139.2682,..
2007.0,Mali,2007_Mali,1556252000.0,1.9170273798220914,0.777747400460339,0.026947747802824305,41937486.41364093,64.88032,85.57691,64.88032
2007.0,Mauritania,2007_Mauritania,1454000000.0,25.744300862609066,55.407723509462045,0.8115202437207111,1179950434.3699138,74.03653,95.02144,74.51323
2007.0,Mongolia,2007_Mongolia,1889000000.0,10.296857863802428,69.90128898740295,0.8019814685120538,1514942994.0192695,88.96945,99.99206,97.71315
2007.0,Niger,2007_Niger,663286000.0,2.5650659667410203,52.639793878597644,0.5520485984533866,366166106.67375296,44.70873,53.12782,45.30291
2007.0,Nigeria,2007_Nigeria,66605950000.0,93.66636373658265,0.4047746192708186,0.9407113835585348,62656975377.73059,69.99448,92.89026,71.34639
2007.0,Norway,2007_Norway,136354292000.0,64.31956832996923,8.500991861018067,0.7282056019098729,99293959278.85457,99.12963,99.12963,99.12963
2007.0,Peru,2007_Peru,28093759983.4616,10.08249976583408,58.241151303911664,0.6832365106974575,19194682543.472164,96.79883,113.18873,99.70549
2007.0,Sierra Leone,2007_Sierra Leone,245238000.0,..,..,..,..,..,..,..
2007.0,Tanzania,2007_Tanzania,2139347000.0,0.8963469995872262,17.62115131117253,0.18517498310759756,396153544.5862895,..,110.11848,..
2007.0,Timor-Leste,2007_Timor-Leste,8367000.0,..,..,..,..,..,..,..
2007.0,Togo,2007_Togo,676894090.350473,0.004951651352692695,12.795285287985683,0.12800236939338375,86644047.39323972,89.03069,111.93116,91.00117
2007.0,Trinidad and Tobago,2007_Trinidad and Tobago,13396245000.0,66.07585298672369,2.8437966860740573,0.6891964967279774,9232645123.309685,93.50271,104.59357,96.87702
2007.0,"Yemen, Rep.","2007_Yemen, Rep.",6298943000.0,91.22716883632825,0.24843205737417645,0.9147560089370242,5761995959.201806,..,..,..
2007.0,Zambia,2007_Zambia,4617454000.0,0.5036499354230733,83.0278041810005,0.8353145411642358,3857026469.356965,93.74712,118.57663,95.07903
2008.0,Afghanistan,2008_Afghanistan,540066000.0,..,..,..,..,..,99.46714,..
2008.0,Albania,2008_Albania,1354830000.0,21.81427200480002,32.63314066678137,0.5444741267158139,737669881.098386,..,..,..
2008.0,Azerbaijan,2008_Azerbaijan,30586343000.0,97.08278486678736,0.28822364294431707,0.9737100850973168,29782230645.345722,83.88997,94.07247,83.98751
2008.0,Burkina Faso,2008_Burkina Faso,693159000.0,0.0315385284852517,0.35175162497006246,0.0038329015345531414,2656810.194789321,59.97297,73.22735,61.00596
2008.0,Cameroon,2008_Cameroon,5240985000.0,1.2471168310575356,10.086520567543182,0.11333637398600718,593994236.0150539,80.83794,101.54029,82.1389
2008.0,Central African Republic,2008_Central African Republic,150000000.0,0.02443421062442371,35.76109549363231,0.3578552970425673,53678294.55638509,67.80253,88.77334,67.96409
2008.0,Chad,2008_Chad,4168556000.0,..,..,..,..,..,78.62009,..
2008.0,"Congo, Dem. Rep.","2008_Congo, Dem. Rep.",4400000000.0,..,..,..,..,..,102.18363,..
2008.0,"Congo, Rep.","2008_Congo, Rep.",8324606000.0,84.09435359506541,0.028464758091189347,0.841228183531566,7002893183.9959755,..,105.22894,..
2008.0,Equatorial Guinea,2008_Equatorial Guinea,15217784526.7471,..,..,..,..,56.13765,86.00562,56.13765
2008.0,Gabon,2008_Gabon,9565944000.0,89.17225457242466,2.211110657717989,0.9138336523014265,8741681543.230917,..,..,..
2008.0,Liberia,2008_Liberia,242400000.0,..,..,..,..,42.62398,93.25601,42.62398
2008.0,Kyrgyz Republic,2008_Kyrgyz Republic,1855600000.0,5.320488835745677,4.09054140935922,0.09411030245104897,174631077.22816646,86.52809,98.09181,94.30266
2008.0,Ghana,2008_Ghana,5269726000.0,2.4154758715986455,6.385708772456833,0.08801184644055478,463798315.49579895,77.45018,106.70916,77.89192
2008.0,Guatemala,2008_Guatemala,7737400000.0,6.996374359532263,4.267746884105116,0.1126412124363738,871550117.1051986,95.63357,114.31033,97.01915
2008.0,Guinea,2008_Guinea,1342010000.0,1.5125434738994363,59.20820401797957,0.60720747491879,814878503.4157654,67.55844,85.14143,68.49902
2008.0,Indonesia,2008_Indonesia,139606000000.0,29.10000923167252,7.963388742776435,0.37063397974448953,51742727376.209206,94.56678,109.48108,97.57079
2008.0,Iraq,2008_Iraq,61273300000.0,33.817286766459226,0.0005328006635361878,0.3381781956712276,20721294036.82183,..,..,..
2008.0,Kazakhstan,2008_Kazakhstan,71171956000.0,69.25442131397041,11.644881715155101,0.8089930302912552,57577616356.195885,89.85622,105.99444,98.52675
2008.0,Madagascar,2008_Madagascar,1309745000.0,5.846163342333726,3.222899396508068,0.09069062738841793,118781595.76884344,..,142.34525,..
2008.0,Mali,2008_Mali,2097118000.0,5.988387780223832,0.78112947349467,0.06769517253718502,141964764.84083638,..,87.61859,..
2008.0,Mauritania,2008_Mauritania,1787600000.0,21.67189584038685,59.94056599644145,0.816124618368283,1458904367.7951427,70.71776,90.76221,71.05346
2008.0,Mongolia,2008_Mongolia,2539300000.0,..,..,..,..,88.78105,103.48009,99.34501
2008.0,Niger,2008_Niger,910000000.0,1.5854481727810597,44.83411045371198,0.46419558626493035,422417983.5010866,48.80749,57.05226,48.80749
2008.0,Nigeria,2008_Nigeria,86273500000.0,91.74340929889875,0.3311717041291667,0.9207458100302791,79435963641.64728,63.11967,83.76665,63.11967
2008.0,Norway,2008_Norway,171764345000.0,68.89667342212915,5.69932475462605,0.7459599817675521,128129327664.51552,99.22759,99.22759,99.22759
2008.0,Peru,2008_Peru,31018541408.129,11.1184279871104,52.35943732547089,0.6347786531258129,19689907936.979385,94.81247,109.51946,97.63844
2008.0,Sierra Leone,2008_Sierra Leone,215667000.0,..,..,..,..,..,..,..
2008.0,Tanzania,2008_Tanzania,3121079000.0,2.9311066715031635,16.832118450643,0.19763225122146164,616825869.0100282,97.59406,110.98029,97.83261
2008.0,Timor-Leste,2008_Timor-Leste,12999000.0,..,..,..,..,70.50015,100.11437,71.28041
2008.0,Togo,2008_Togo,852603253.648351,7.938613608184489,14.798353101639265,0.22736966709823755,193856117.94889975,90.43752,113.11585,92.81126
2008.0,Trinidad and Tobago,2008_Trinidad and Tobago,18650425000.0,69.97076576334246,2.928408287671745,0.728991740510142,13596005782.003866,94.3281,106.27604,97.92531
2008.0,"Yemen, Rep.","2008_Yemen, Rep.",7583784000.0,92.40722926223029,0.13396987535063784,0.9254119913758093,7018124653.604001,76.46039,89.8294,76.82883
2008.0,Zambia,2008_Zambia,5098688000.0,0.7032353551584192,85.37203869507759,0.8607527405023601,4388709668.966497,95.40018,119.33445,96.95367
2009.0,Afghanistan,2009_Afghanistan,403441000.0,..,0.13797680248695393,..,..,..,95.72796,..
2009.0,Albania,2009_Albania,1090600000.0,11.602414457250166,9.557746469668574,0.21160160926918742,230772715.0689758,..,..,..
2009.0,Azerbaijan,2009_Azerbaijan,21097000000.0,92.85686297634285,0.24994996688852428,0.9310681294323138,19642744326.633522,85.17391,95.06857,85.5189
2009.0,Burkina Faso,2009_Burkina Faso,900493000.0,0.022492756720620347,0.64208971329808,0.006645824700187003,5984518.621745495,62.84631,77.68096,63.94896
2009.0,Cameroon,2009_Cameroon,3552181000.0,0.9474306730582851,5.4231933030107875,0.06370623976069073,226296094.45937017,83.53246,103.74219,84.94763
2009.0,Central African Republic,2009_Central African Republic,120000000.0,..,61.9992393619974,..,..,68.32898,90.78863,68.58086
2009.0,Chad,2009_Chad,2800000000.0,..,..,..,..,..,83.15603,..
2009.0,"Congo, Dem. Rep.","2009_Congo, Dem. Rep.",3500000000.0,..,..,..,..,..,102.10938,..
2009.0,"Congo, Rep.","2009_Congo, Rep.",6100000000.0,70.65930867035976,0.018679259694297623,0.7067798793005405,4311357263.733297,..,109.03785,..
2009.0,Equatorial Guinea,2009_Equatorial Guinea,9100000000.0,..,..,..,..,56.11184,85.85641,56.11184
2009.0,Gabon,2009_Gabon,5355978000.0,83.13483831453654,3.031125719116193,0.8616596403365273,4615030077.130353,..,..,..
2009.0,Liberia,2009_Liberia,148830000.0,..,..,..,..,39.90547,99.63831,40.16459
2009.0,Kyrgyz Republic,2009_Kyrgyz Republic,1673000000.0,6.178938595652092,2.9573890851719056,0.09136327680823998,152850762.10018548,86.25387,98.26693,93.91072
2009.0,Ghana,2009_Ghana,5839710000.0,4.18311482217727,4.172698104020063,0.08355812926197334,487955243.03243834,76.14366,105.53379,76.46836
2009.0,Guatemala,2009_Guatemala,7213700000.0,4.066507818316138,5.146983417748561,0.09213491236064698,664633617.2959992,97.00989,116.75567,98.72076
2009.0,Guinea,2009_Guinea,1049720000.0,..,..,..,..,68.67908,84.59576,69.7792
2009.0,Indonesia,2009_Indonesia,119646000000.0,28.420483786916428,9.169703132084589,0.3759018691900101,44975155041.10795,94.92102,109.89215,98.03523
2009.0,Iraq,2009_Iraq,41928641000.0,98.61735504969069,0.04815781476712032,0.986655128644578,41369108679.74733,..,..,..
2009.0,Kazakhstan,2009_Kazakhstan,43195762000.0,70.58697783170193,11.206346640673551,0.8179332447237547,35331249770.97507,88.28855,105.47391,98.11861
2009.0,Madagascar,2009_Madagascar,1051987000.0,4.9294174820711705,3.0184952050304283,0.07947912687101599,83611008.2396595,..,149.95126,..
2009.0,Mali,2009_Mali,1773665000.0,..,..,..,..,68.72308,89.25072,72.53091
2009.0,Mauritania,2009_Mauritania,1364100000.0,..,67.83725550299029,..,..,70.12807,95.9402,70.37868
2009.0,Mongolia,2009_Mongolia,1902600000.0,..,..,..,..,97.41804,114.44856,98.44803
2009.0,Niger,2009_Niger,1000000000.0,1.2380253705736854,59.76575431540835,0.6100377968598204,610037796.8598204,52.7175,60.94133,52.7175
2009.0,Nigeria,2009_Nigeria,56741900000.0,90.36153134745827,0.1981325077019177,0.9055966385516018,51385273905.031136,64.0761,85.03594,64.0761
2009.0,Norway,2009_Norway,116778108000.0,63.03891077034627,5.345131594649124,0.6838404236499539,79857590847.76007,99.00386,99.00386,99.00409
2009.0,Peru,2009_Peru,26961721000.0,10.348760684949175,48.97152676806998,0.5932028745301916,15993770399.481031,93.89928,107.80842,96.56989
2009.0,Sierra Leone,2009_Sierra Leone,230662000.0,..,..,..,..,..,..,..
2009.0,Tanzania,2009_Tanzania,2982405000.0,0.9931845808517517,24.57923907127806,0.2557242365212981,762673241.622302,..,105.29691,..
2009.0,Timor-Leste,2009_Timor-Leste,8490000.0,..,..,..,..,77.29942,106.12044,78.17835
2009.0,Togo,2009_Togo,903026000.0,0.03580857205661782,30.31017605104055,0.30345984623097166,274032131.1025694,..,128.22667,..
2009.0,Trinidad and Tobago,2009_Trinidad and Tobago,9125971000.0,78.99572249497442,2.4756377413812816,0.8147136023635569,7435052708.475352,95.16174,106.45319,98.22814
2009.0,"Yemen, Rep.","2009_Yemen, Rep.",6258955000.0,92.2061196414345,0.1452829697747403,0.9235140261120924,5780232731.304412,..,..,..
2009.0,Zambia,2009_Zambia,4312055000.0,0.8903898226849221,81.12634828892593,0.8201673811161085,3536606856.5786214,90.50065,112.64157,92.2206
2010.0,Afghanistan,2010_Afghanistan,388484000.0,..,0.2752445415107383,..,..,..,99.39882,..
2010.0,Albania,2010_Albania,1544613000.0,17.973226904185726,12.829349073574942,0.30802575977760666,475780592.8873683,..,..,..
2010.0,Azerbaijan,2010_Azerbaijan,26476026000.0,94.50949631552483,0.11432481839753592,0.9462382113392236,25052627485.61078,84.44645,93.7623,84.72605
2010.0,Burkina Faso,2010_Burkina Faso,1591028858.59832,0.05228194779702153,1.6453509231042225,0.01697632870901244,27009828.889089957,60.17509,78.35542,60.47345
2010.0,Cameroon,2010_Cameroon,3878433000.0,49.54819464757242,2.9619411293101177,0.5251013577688254,2036570434.3154187,..,106.03843,..
2010.0,Central African Republic,2010_Central African Republic,140000000.0,..,58.66594708502004,..,..,70.77495,93.71235,71.13605
2010.0,Chad,2010_Chad,3600000000.0,..,..,..,..,..,83.39881,..
2010.0,"Congo, Dem. Rep.","2010_Congo, Dem. Rep.",5300000000.0,..,..,..,..,..,102.68235,..
2010.0,"Congo, Rep.","2010_Congo, Rep.",9400000000.0,67.72045178905411,0.021008805979755466,0.6774146059503388,6367697295.933185,87.83214,111.16904,87.83214
2010.0,Equatorial Guinea,2010_Equatorial Guinea,10000000000.0,..,..,..,..,56.56905,87.0697,56.56905
2010.0,Gabon,2010_Gabon,8685979000.0,..,..,..,..,..,..,..
2010.0,Liberia,2010_Liberia,222000000.0,..,..,..,..,..,..,..
2010.0,Kyrgyz Republic,2010_Kyrgyz Republic,1755900000.0,15.304930568027512,4.2312588845280805,0.19536189452555594,343035950.5974237,87.44792,99.56221,95.27278
2010.0,Ghana,2010_Ghana,7960090000.0,0.3235124762280677,11.249452013619806,0.11572964489847873,921218389.0599315,..,..,..
2010.0,Guatemala,2010_Guatemala,8462500000.0,4.543947332713402,6.485898802367752,0.11029846135081155,933400729.1812427,96.02659,116.47943,98.24746
2010.0,Guinea,2010_Guinea,1471170000.0,..,..,..,..,70.39832,86.35974,72.04797
2010.0,Indonesia,2010_Indonesia,158074492000.0,29.72691048727701,9.866412066830742,0.3959332255410775,62586943493.327255,94.89798,109.92465,97.94375
2010.0,Iraq,2010_Iraq,52482600000.0,..,..,..,..,..,..,..
2010.0,Kazakhstan,2010_Kazakhstan,59970800000.0,72.77814001241782,11.355974395129378,0.841341144075472,50455901483.121315,87.46111,104.5738,97.41054
2010.0,Madagascar,2010_Madagascar,1149469933.87653,6.6547272529280495,9.463230590758917,0.16117957843686967,185271079.36807555,..,144.57732,..
2010.0,Mali,2010_Mali,1996261000.0,0.12720420340661046,0.6660051552156733,0.007932093586222837,15834529.074526787,69.59055,90.31071,73.91301
2010.0,Mauritania,2010_Mauritania,2073500000.0,0.0016546520313058502,30.432714386352842,0.30434369038384146,631056642.0108953,70.50849,97.10858,70.83561
2010.0,Mongolia,2010_Mongolia,2899200000.0,..,..,..,..,98.62293,125.67478,98.97502
2010.0,Niger,2010_Niger,1150000000.0,1.8521100558332801,59.55571571294873,0.6140782576878201,706189996.3409932,55.85196,64.7819,56.97075
2010.0,Nigeria,2010_Nigeria,84000000000.0,87.13167909267978,1.0815014635894848,0.8821318055626927,74099071667.26619,63.90199,84.80488,65.74031
2010.0,Norway,2010_Norway,130656792000.0,63.75732032328738,6.437114679552196,0.7019443500283958,91713796937.2353,98.8775,98.8775,98.8775
2010.0,Peru,2010_Peru,35803080814.5799,12.176153497265222,52.30835947991994,0.6448451297718516,23087442294.109867,94.70826,107.25083,97.37346
2010.0,Sierra Leone,2010_Sierra Leone,341226000.0,..,..,..,..,..,..,..
2010.0,Tanzania,2010_Tanzania,4050546000.0,2.5305251775773545,33.73709085273186,0.36267616030309213,1469036470.4110487,..,101.67853,..
2010.0,Timor-Leste,2010_Timor-Leste,16395000.0,..,..,..,..,85.01481,116.52365,85.598
2010.0,Togo,2010_Togo,976221387.223715,0.1191852352856097,10.739652480547816,0.10858837715833426,106006296.18588103,..,131.42107,..
2010.0,Trinidad and Tobago,2010_Trinidad and Tobago,10981679000.0,66.1227521083676,0.30886055916201577,0.6643161266752962,7295306457.67144,95.18178,106.09769,98.67529
2010.0,"Yemen, Rep.","2010_Yemen, Rep.",8100000000.0,91.20493739953059,0.16445758643538613,0.9136939498596598,7400920993.863244,81.75454,91.99561,82.39003
2010.0,Zambia,2010_Zambia,7200267000.0,0.5108903117379332,85.97305576137421,0.8648394607311215,6227075029.40009,88.31129,111.39673,89.56722
2011.0,Afghanistan,2011_Afghanistan,375851000.0,..,0.30578638842550704,..,..,..,97.40102,..
2011.0,Albania,2011_Albania,1951044022.51522,21.191947057501483,11.903425629161484,0.3309537268666297,645705290.5322727,..,..,..
2011.0,Azerbaijan,2011_Azerbaijan,34494900000.0,94.74739395738746,0.193427808666143,0.9494082176605361,32749741527.378426,86.61261,95.57363,87.26808
2011.0,Burkina Faso,2011_Burkina Faso,2398986152.84848,0.01830771695568015,1.4888587347316704,0.015071664516873506,36156714.47635732,65.40284,82.23843,65.40284
2011.0,Cameroon,2011_Cameroon,4517028000.0,0.5522578111189286,5.211920498343902,0.05764178309462831,260369548.2083627,..,105.73299,..
2011.0,Central African Republic,2011_Central African Republic,190000000.0,0.5583976442175436,62.18144370155264,0.6273984134577018,119205698.55696334,68.7282,94.40875,69.10082
2011.0,Chad,2011_Chad,4800000000.0,..,..,..,..,63.05698,90.64292,63.78984
2011.0,"Congo, Dem. Rep.","2011_Congo, Dem. Rep.",6600000000.0,..,..,..,..,..,105.17725,..
2011.0,"Congo, Rep.","2011_Congo, Rep.",11600000000.0,77.66616608228696,0.019389014393560184,0.7768555509668051,9011524391.21494,..,111.64981,..
2011.0,Equatorial Guinea,2011_Equatorial Guinea,13500000000.0,..,..,..,..,58.12187,87.35737,59.24376
2011.0,Gabon,2011_Gabon,9765530000.0,..,..,..,..,..,164.85844,..
2011.0,Liberia,2011_Liberia,367000000.0,..,..,..,..,40.62077,102.38471,40.916
2011.0,Kyrgyz Republic,2011_Kyrgyz Republic,1978900000.0,22.124211092868432,6.831122392673375,0.28955333485541807,572997094.3453869,88.38781,100.9054,96.06251
2011.0,Ghana,2011_Ghana,12785420000.0,54.080735963539986,1.826408858260858,0.5590714482180084,7147963275.475489,83.535,106.73524,83.90182
2011.0,Guatemala,2011_Guatemala,10400900000.0,5.118059182212751,9.62586833217207,0.14743927514384822,1533501156.843651,92.84108,113.77163,95.2686
2011.0,Guinea,2011_Guinea,1432720000.0,..,..,..,..,74.1458,89.30437,76.09545
2011.0,Indonesia,2011_Indonesia,200787525000.0,34.14107619732037,7.847010578291121,0.41988086775611494,84306840231.60262,93.66801,109.09822,96.75823
2011.0,Iraq,2011_Iraq,83225900000.0,..,..,..,..,..,..,..
2011.0,Kazakhstan,2011_Kazakhstan,84335900000.0,72.8257044046737,12.920270914939946,0.8574597531961365,72314639999.57405,87.08702,104.72673,98.23996
2011.0,Madagascar,2011_Madagascar,1590000000.0,6.826647867174004,10.305444747997813,0.17132092615171818,272400272.5812319,..,144.47746,..
2011.0,Mali,2011_Mali,2374497000.0,0.15470569023870703,3.2141735256905064,0.03368879215929213,79993935.91586268,70.63298,91.66347,75.4137
2011.0,Mauritania,2011_Mauritania,2775760000.0,5.055261862131029,8.797588726065564,0.1385285058819659,384521885.4869257,70.7192,95.8699,71.50962
2011.0,Mongolia,2011_Mongolia,4817500000.0,..,..,..,..,98.95905,122.06328,99.17375
2011.0,Niger,2011_Niger,1250000000.0,1.1073910438065337,68.90457750759809,0.7001196855140462,875149606.8925579,60.79466,68.87326,62.00272
2011.0,Nigeria,2011_Nigeria,114000000000.0,89.12647285151006,0.31695508963905333,0.8944342794114911,101965507852.90999,..,..,..
2011.0,Norway,2011_Norway,160409821000.0,68.16335629741775,6.030617400984036,0.7419397369840179,119014420402.3934,99.27304,99.27304,99.27304
2011.0,Peru,2011_Peru,46375961566.1199,14.057558666350253,50.142134349135944,0.6419969301548619,29773224958.42884,93.73255,104.90494,96.32708
2011.0,Sierra Leone,2011_Sierra Leone,349709397.109898,..,..,..,..,..,128.09161,..
2011.0,Tanzania,2011_Tanzania,4734960000.0,1.191045763281423,35.43838511720425,0.3662943088048567,1734388900.4186442,..,..,..
2011.0,Timor-Leste,2011_Timor-Leste,13202000.0,..,..,..,..,91.11958,124.95144,91.6739
2011.0,Togo,2011_Togo,1178724468.38721,0.9214052279637418,8.320586204616665,0.09241991432580407,108937614.38207489,..,129.54958,..
2011.0,Trinidad and Tobago,2011_Trinidad and Tobago,14943900000.0,..,..,..,..,..,..,..
2011.0,"Yemen, Rep.","2011_Yemen, Rep.",9700000000.0,89.07137102878166,0.15816976606159988,0.8922954079484327,8655265457.099796,..,96.71221,..
2011.0,Zambia,2011_Zambia,9000946000.0,0.45285922859135225,80.68363249073288,0.8113649171932422,7303051805.950845,91.93221,112.9757,93.62667
2012.0,Afghanistan,2012_Afghanistan,428903000.0,..,..,..,..,..,103.94475,..
2012.0,Albania,2012_Albania,1967989418.16543,26.590781265743612,10.912701687911671,0.3750348295365528,738064575.9714118,..,..,..
2012.0,Azerbaijan,2012_Azerbaijan,32374000000.0,93.4193567848629,0.532235223181019,0.9395159200804392,30415888396.68414,89.09406,97.9432,89.279
2012.0,Burkina Faso,2012_Burkina Faso,2183327000.0,..,..,..,..,66.36425,84.96495,66.75957
2012.0,Cameroon,2012_Cameroon,4274981000.0,55.61147341931611,1.595442371405437,0.5720691579072156,2445584780.7393465,91.52662,110.61503,91.52662
2012.0,Central African Republic,2012_Central African Republic,200000000.0,..,..,..,..,71.87684,95.20193,72.16432
2012.0,Chad,2012_Chad,4600000000.0,..,..,..,..,..,95.38691,..
2012.0,"Congo, Dem. Rep.","2012_Congo, Dem. Rep.",6300000000.0,..,..,..,..,..,110.89887,..
2012.0,"Congo, Rep.","2012_Congo, Rep.",10600000000.0,78.89782786307947,0.014124045892020652,0.7891195190897149,8364666902.350978,90.17036,109.41581,91.61848
2012.0,Equatorial Guinea,2012_Equatorial Guinea,15500000000.0,..,..,..,..,60.98963,90.72975,62.18945
2012.0,Gabon,2012_Gabon,9660581987.26038,..,..,..,..,..,..,..
2012.0,Liberia,2012_Liberia,459400000.0,..,..,..,..,..,..,..
2012.0,Kyrgyz Republic,2012_Kyrgyz Republic,1893800000.0,20.07211468813613,9.954541926080879,0.30026656614217007,568644822.9600416,90.50725,105.85894,98.37093
2012.0,Ghana,2012_Ghana,13552350000.0,39.15074512395918,2.0040746486799557,0.41154819772639134,5577445217.45726,81.79231,109.91725,82.34305
2012.0,Guatemala,2012_Guatemala,9978700000.0,3.9894214696142427,6.263593098652293,0.10253014568266536,1023117564.7236128,..,..,..
2012.0,Guinea,2012_Guinea,1300000000.0,..,..,..,..,74.38332,90.83218,75.52672
2012.0,Indonesia,2012_Indonesia,188496357000.0,33.59089135953725,6.342807783233869,0.3993369914277112,75273568099.46379,92.21828,108.52625,95.29098
2012.0,Iraq,2012_Iraq,94391495930.21,..,..,..,..,..,..,..
2012.0,Kazakhstan,2012_Kazakhstan,86448800000.0,70.55867900653034,13.00695889828695,0.8356563790481729,72241491181.0597,85.9608,104.90346,98.94794
2012.0,Madagascar,2012_Madagascar,1515911274.02913,6.959903440102415,19.469035037507602,0.2642893847761002,400639257.988313,..,145.186,..
2012.0,Mali,2012_Mali,2610387000.0,0.2954080349656902,3.353293519496827,0.03648701554462517,95245231.04648747,68.72776,88.47922,73.32673
2012.0,Mauritania,2012_Mauritania,2640960000.0,14.963596436117363,58.2750564598833,0.7323865289600068,1934203527.5222194,69.56434,96.67766,70.43038
2012.0,Mongolia,2012_Mongolia,4384700000.0,..,..,..,..,97.33387,116.95764,97.61056
2012.0,Niger,2012_Niger,1500000000.0,19.357565289967887,56.213477779659016,0.7557104306962691,1133565646.0444036,62.80259,71.13371,63.62217
2012.0,Nigeria,2012_Nigeria,115000000000.0,84.03892761637516,0.4335198318496314,0.844724474482248,97143314565.45851,..,..,..
2012.0,Norway,2012_Norway,160999480000.0,69.99944811889904,5.231468573002692,0.7523091669190173,121121384673.19498,99.43699,99.43699,99.43699
2012.0,Peru,2012_Peru,46366712944.5568,14.788075911282759,49.399945021119066,0.6418802093240182,29761875410.518784,..,99.59409,..
2012.0,Sierra Leone,2012_Sierra Leone,1121866169.60794,..,..,..,..,..,131.49449,..
2012.0,Tanzania,2012_Tanzania,5547229000.0,1.8862019534951713,24.546875417190996,0.26433077370686164,1466303333.4991405,..,93.00811,..
2012.0,Timor-Leste,2012_Timor-Leste,30793000.0,..,..,..,..,..,..,..
2012.0,Togo,2012_Togo,1200000000.0,2.0174398687507376,14.87553470786531,0.1689297457661605,202715694.9193926,..,132.80479,..
2012.0,Trinidad and Tobago,2012_Trinidad and Tobago,12983380000.0,..,..,..,..,..,..,..
2012.0,"Yemen, Rep.","2012_Yemen, Rep.",8100000000.0,89.48306843805959,0.10317283999401268,0.895862412780536,7256485543.522342,86.27468,96.87648,87.11672
2012.0,Zambia,2012_Zambia,9364653000.0,1.3147268049144678,73.45157322061839,0.7476630002553286,7001604558.330064,93.71627,113.59713,97.87609
2013.0,Afghanistan,2013_Afghanistan,514973109.833232,..,..,..,..,..,..,..
2013.0,Albania,2013_Albania,2331512086.55476,31.003051823745054,9.783992734766677,0.4078704455851173,950954873.6301765,..,..,..
2013.0,Azerbaijan,2013_Azerbaijan,31776362000.0,92.98503898092243,0.4876709348095294,0.9347270991573196,29702226674.032883,..,..,..
2013.0,Burkina Faso,2013_Burkina Faso,2160000000.0,11.610777635431905,2.6784828319751255,0.1428926046740703,308648026.09599185,..,..,..
2013.0,Cameroon,2013_Cameroon,4200000000.0,..,..,..,..,..,..,..
2013.0,Central African Republic,2013_Central African Republic,150000000.0,..,..,..,..,..,..,..
2013.0,Chad,2013_Chad,4200000000.0,..,..,..,..,..,..,..
2013.0,"Congo, Dem. Rep.","2013_Congo, Dem. Rep.",6300000000.0,..,..,..,..,..,..,..
2013.0,"Congo, Rep.","2013_Congo, Rep.",9800000000.0,75.70978130602668,0.014842426807914132,0.7572462373283461,7421013125.817791,..,..,..
2013.0,Equatorial Guinea,2013_Equatorial Guinea,14500000000.0,..,..,..,..,..,..,..
2013.0,Gabon,2013_Gabon,9524002940.13878,..,..,..,..,..,..,..
2013.0,Liberia,2013_Liberia,..,..,..,..,..,..,..,..
2013.0,Kyrgyz Republic,2013_Kyrgyz Republic,1790500000.0,20.60761043118204,5.345932104732949,0.25953542535914986,464698179.10555786,..,..,..
2013.0,Ghana,2013_Ghana,13751920000.0,30.68992945518761,2.565919449736272,0.3325584890492388,4573317736.726007,87.07448,108.77962,87.63974
2013.0,Guatemala,2013_Guatemala,10030100000.0,4.627366273604238,5.689840245202432,0.10317206518806671,1034826131.0428278,..,..,..
2013.0,Guinea,2013_Guinea,1300000000.0,..,..,..,..,..,..,..
2013.0,Indonesia,2013_Indonesia,183343784000.0,31.623959874639223,7.102425582813951,0.3872638545745318,71002420504.12036,..,..,..
2013.0,Iraq,2013_Iraq,89550000000.0,..,..,..,..,..,..,..
2013.0,Kazakhstan,2013_Kazakhstan,82511800000.0,76.248739113205,10.118014046970108,0.863667531601751,71262762634.01736,85.63504,106.25026,98.74148
2013.0,Madagascar,2013_Madagascar,1900000000.0,4.760173628679035,31.864767795755032,0.3662494142443407,695873887.0642474,..,..,..
2013.0,Mali,2013_Mali,2338871734.14036,..,..,..,..,..,..,..
2013.0,Mauritania,2013_Mauritania,2674000000.0,2.9677647200170747,75.01235888385716,0.7798012360387423,2085188505.1675968,..,..,..
2013.0,Mongolia,2013_Mongolia,4272700000.0,41.67340709045238,47.04020845523658,0.8871361554568895,3790466651.420652,..,..,..
2013.0,Niger,2013_Niger,1550000000.0,31.494213773349745,51.45761946949455,0.829518332428443,1285753415.2640867,..,..,..
2013.0,Nigeria,2013_Nigeria,103000000000.0,87.62066463639135,0.6285129782600646,0.8824917761465142,90896652943.09096,..,..,..
2013.0,Norway,2013_Norway,154339039027.548,67.44228436312994,4.84896297600461,0.7229124733913456,111573616444.24814,..,..,..
2013.0,Peru,2013_Peru,42176795290.7285,16.114238281432023,48.176230619491236,0.6429046890092326,27115659459.791874,..,..,..
2013.0,Sierra Leone,2013_Sierra Leone,1916972993.36647,..,..,..,..,..,..,..
2013.0,Tanzania,2013_Tanzania,5050000000.0,3.478341044201022,15.536147146932361,0.1901448819113338,960231653.6522357,..,..,..
2013.0,Timor-Leste,2013_Timor-Leste,16044536.0,..,0.04103807317307131,..,..,..,..,..
2013.0,Togo,2013_Togo,1350000000.0,1.2217602491623947,2.6671902110483603,0.03888950460210755,52500831.21284519,..,..,..
2013.0,Trinidad and Tobago,2013_Trinidad and Tobago,12769610000.0,..,..,..,..,..,..,..
2013.0,"Yemen, Rep.","2013_Yemen, Rep.",9200000000.0,75.93901811307661,0.08746858091991028,0.7602648669399652,6994436775.84768,..,..,..
2013.0,Zambia,2013_Zambia,10594069000.0,1.9128761306196131,69.5082917613285,0.714211678919481,7566407807.078827,..,..,..
2014.0,Afghanistan,2014_Afghanistan,..,..,..,..,..,..,..,..
2014.0,Albania,2014_Albania,..,..,..,..,..,..,..,..
2014.0,Azerbaijan,2014_Azerbaijan,..,..,..,..,..,..,..,..
2014.0,Burkina Faso,2014_Burkina Faso,..,..,..,..,..,..,..,..
2014.0,Cameroon,2014_Cameroon,..,..,..,..,..,..,..,..
2014.0,Central African Republic,2014_Central African Republic,..,..,..,..,..,..,..,..
2014.0,Chad,2014_Chad,..,..,..,..,..,..,..,..
2014.0,"Congo, Dem. Rep.","2014_Congo, Dem. Rep.",..,..,..,..,..,..,..,..
2014.0,"Congo, Rep.","2014_Congo, Rep.",..,..,..,..,..,..,..,..
2014.0,Equatorial Guinea,2014_Equatorial Guinea,..,..,..,..,..,..,..,..
2014.0,Gabon,2014_Gabon,..,..,..,..,..,..,..,..
2014.0,Liberia,2014_Liberia,..,..,..,..,..,..,..,..
2014.0,Kyrgyz Republic,2014_Kyrgyz Republic,..,..,..,..,..,..,..,..
2014.0,Ghana,2014_Ghana,..,..,..,..,..,..,..,..
2014.0,Guatemala,2014_Guatemala,..,..,..,..,..,..,..,..
2014.0,Guinea,2014_Guinea,..,..,..,..,..,..,..,..
2014.0,Indonesia,2014_Indonesia,..,..,..,..,..,..,..,..
2014.0,Iraq,2014_Iraq,..,..,..,..,..,..,..,..
2014.0,Kazakhstan,2014_Kazakhstan,..,..,..,..,..,..,..,..
2014.0,Madagascar,2014_Madagascar,..,..,..,..,..,..,..,..
2014.0,Mali,2014_Mali,..,..,..,..,..,..,..,..
2014.0,Mauritania,2014_Mauritania,..,..,..,..,..,..,..,..
2014.0,Mongolia,2014_Mongolia,..,..,..,..,..,..,..,..
2014.0,Niger,2014_Niger,..,..,..,..,..,..,..,..
2014.0,Nigeria,2014_Nigeria,..,..,..,..,..,..,..,..
2014.0,Norway,2014_Norway,..,..,..,..,..,..,..,..
2014.0,Peru,2014_Peru,..,..,..,..,..,..,..,..
2014.0,Sierra Leone,2014_Sierra Leone,..,..,..,..,..,..,..,..
2014.0,Tanzania,2014_Tanzania,..,..,..,..,..,..,..,..
2014.0,Timor-Leste,2014_Timor-Leste,..,..,..,..,..,..,..,..
2014.0,Togo,2014_Togo,..,..,..,..,..,..,..,..
2014.0,Trinidad and Tobago,2014_Trinidad and Tobago,..,..,..,..,..,..,..,..
2014.0,"Yemen, Rep.","2014_Yemen, Rep.",..,..,..,..,..,..,..,..
2014.0,Zambia,2014_Zambia,..,..,..,..,..,..,..,..
,,,,,,,,,,
,,,,,,,,,,
,,,,,,,,,,
Data from database: World Development Indicators,,,,,,,,,,
Last Updated: 03/12/2015,,,,,,,,,,
